"";"disp_id";"district_id";"account_id";"client_id";"type.x";"gender";"age";"loan_id";"date";"amount";"duration";"payments";"status";"current_time";"name";"region";"no..of.inhabitants";"no..of.municipalities.with.inhabitants...499";"no..of.municipalities.with.inhabitants.500.1999";"no..of.municipalities.with.inhabitants.2000.9999";"no..of.municipalities.with.inhabitants..10000";"no..of.cities";"ratio.of.urban.inhabitants";"average.salary";"unemploymant.rate..95";"unemploymant.rate..96";"no..of.enterpreneurs.per.1000.inhabitants";"no..of.commited.crimes..95";"no..of.commited.crimes..96";"card_id";"type.y";"issued";"weeks"
"1";2;1;2;2;"OWNER";"0";54;4959;1994-01-05;80952;24;3373;1;256,863095238095;"Hl.m. Praha";"Prague";1204953;0;0;0;1;1;"100.0";12541;"0.29";"0.43";167;85677;99107;NA;NA;NA;NA
"2";3;1;2;3;"DISPONENT";"1";58;4959;1994-01-05;80952;24;3373;1;256,863095238095;"Hl.m. Praha";"Prague";1204953;0;0;0;1;1;"100.0";12541;"0.29";"0.43";167;85677;99107;NA;NA;NA;NA
"3";25;21;19;25;"OWNER";"1";60;4961;1996-04-29;30276;12;2523;-1;136,14880952381;"Tabor";"south Bohemia";103347;87;16;7;1;7;"67.0";9104;"1.51";"2.07";123;2299;2354;NA;NA;NA;NA
"4";78;16;67;78;"OWNER";"1";54;4973;1996-05-02;165960;24;6915;1;135,720238095238;"Jindrichuv Hradec";"south Bohemia";93931;74;21;10;1;8;"56.9";8427;"1.12";"1.54";107;1874;1913;NA;NA;NA;NA
"5";158;40;132;158;"OWNER";"1";53;4996;1996-11-06;88440;12;7370;1;108,857142857143;"Teplice";"north Bohemia";128118;9;16;6;3;8;"85.3";9317;"6.49";"7.07";97;6949;6872;NA;NA;NA;NA
"6";159;40;132;159;"DISPONENT";"0";60;4996;1996-11-06;88440;12;7370;1;108,857142857143;"Teplice";"north Bohemia";128118;9;16;6;3;8;"85.3";9317;"6.49";"7.07";97;6949;6872;NA;NA;NA;NA
"7";210;66;173;210;"OWNER";"0";59;5002;1994-05-31;104808;12;8734;1;236,011904761905;"Zdar nad Sazavou";"south Moravia";125832;151;41;2;3;5;"48.3";8512;"3.51";"4.12";102;2247;2103;NA;NA;NA;NA
"8";211;66;173;211;"DISPONENT";"1";53;5002;1994-05-31;104808;12;8734;1;236,011904761905;"Zdar nad Sazavou";"south Moravia";125832;151;41;2;3;5;"48.3";8512;"3.51";"4.12";102;2247;2103;NA;NA;NA;NA
"9";352;56;290;352;"OWNER";"0";58;5032;1994-11-03;123696;48;2577;1;213,720238095238;"Breclav";"south Moravia";124605;11;42;14;1;8;"46.0";8772;"4.69";"4.98";126;2854;3158;NA;NA;NA;NA
"10";421;54;344;421;"OWNER";"0";33;5044;1994-12-21;100980;60;1683;1;206,863095238095;"Brno - mesto";"south Moravia";387570;0;0;0;1;1;"100.0";9897;"1.60";"1.96";140;18721;18696;NA;NA;NA;NA
"11";424;1;347;424;"OWNER";"0";51;5045;1995-05-01;187224;24;7801;-1;188,154761904762;"Hl.m. Praha";"Prague";1204953;0;0;0;1;1;"100.0";12541;"0.29";"0.43";167;85677;99107;NA;NA;NA;NA
"12";512;60;426;512;"OWNER";"1";33;5060;1994-07-19;252060;60;4201;-1;229,011904761905;"Prostejov";"south Moravia";110643;49;41;4;1;4;"51.9";8441;"3.45";"4.48";115;1879;2252;NA;NA;NA;NA
"13";603;13;501;603;"OWNER";"1";33;5082;1996-10-24;262980;60;4383;1;110,720238095238;"Rakovnik";"central Bohemia";53921;61;22;1;1;2;"41.3";8598;"2.77";"3.26";123;1597;1875;NA;NA;NA;NA
"14";655;32;544;655;"OWNER";"0";56;5088;1996-08-22;91152;24;3798;1;119,720238095238;"Ceska Lipa";"north Bohemia";105058;32;19;7;2;10;"81.0";9272;"2.80";"3.22";118;4340;4505;119;"classic";1996-08-08;121,720238095238
"15";944;39;789;944;"OWNER";"0";28;5125;1995-11-23;73056;48;1522;1;158,720238095238;"Most";"north Bohemia";119895;17;4;3;2;4;"89.9";10446;"7.34";"9.40";90;4947;4743;NA;NA;NA;NA
"16";945;39;789;945;"DISPONENT";"1";22;5125;1995-11-23;73056;48;1522;1;158,720238095238;"Most";"north Bohemia";119895;17;4;3;2;4;"89.9";10446;"7.34";"9.40";90;4947;4743;NA;NA;NA;NA
"17";946;54;790;946;"OWNER";"0";47;5126;1994-07-24;208128;48;4336;-1;228,297619047619;"Brno - mesto";"south Moravia";387570;0;0;0;1;1;"100.0";9897;"1.60";"1.96";140;18721;18696;NA;NA;NA;NA
"18";968;69;808;968;"OWNER";"0";42;5128;1996-04-11;215616;48;4492;-1;138,720238095238;"Jesenik";"north Moravia";42821;4;13;5;1;3;"48.4";8173;NA;"7.01";124;NA;1358;NA;NA;NA;NA
"19";976;16;813;976;"OWNER";"1";43;5130;1994-05-11;24312;12;2026;1;238,869047619048;"Jindrichuv Hradec";"south Bohemia";93931;74;21;10;1;8;"56.9";8427;"1.12";"1.54";107;1874;1913;NA;NA;NA;NA
"20";980;40;816;980;"OWNER";"0";37;5131;1995-01-08;48624;24;2026;1;204,291666666667;"Teplice";"north Bohemia";128118;9;16;6;3;8;"85.3";9317;"6.49";"7.07";97;6949;6872;NA;NA;NA;NA
"21";981;5;817;981;"OWNER";"0";38;5132;1995-02-17;538500;60;8975;1;198,577380952381;"Kolin";"central Bohemia";95616;65;30;4;1;6;"51.4";9307;"3.85";"4.43";118;2616;3040;NA;NA;NA;NA
"22";1020;72;846;1020;"OWNER";"1";22;5136;1996-07-28;187104;24;7796;1;123,291666666667;"Olomouc";"north Moravia";226122;32;50;7;4;4;"62.6";8994;"3.80";"4.79";110;9672;9208;NA;NA;NA;NA
"23";1029;1;854;1029;"OWNER";"1";45;5138;1995-05-30;87216;48;1817;1;184,011904761905;"Hl.m. Praha";"Prague";1204953;0;0;0;1;1;"100.0";12541;"0.29";"0.43";167;85677;99107;NA;NA;NA;NA
"24";1102;72;915;1102;"OWNER";"0";64;5145;1995-09-16;309552;48;6449;1;168,440476190476;"Olomouc";"north Moravia";226122;32;50;7;4;4;"62.6";8994;"3.80";"4.79";110;9672;9208;NA;NA;NA;NA
"25";1133;37;940;1133;"OWNER";"1";40;5148;1996-05-29;284280;60;4738;1;131,863095238095;"Litomerice";"north Bohemia";114006;71;26;6;2;9;"62.3";9065;"4.46";"5.39";123;4147;4166;NA;NA;NA;NA
"26";1134;37;940;1134;"DISPONENT";"0";39;5148;1996-05-29;284280;60;4738;1;131,863095238095;"Litomerice";"north Bohemia";114006;71;26;6;2;9;"62.3";9065;"4.46";"5.39";123;4147;4166;NA;NA;NA;NA
"27";1157;4;960;1157;"OWNER";"1";40;5151;1995-05-24;189060;60;3151;1;184,869047619048;"Kladno";"central Bohemia";149893;63;29;6;2;6;"67.4";9753;"4.64";"5.05";109;5244;5892;NA;NA;NA;NA
"28";1215;45;1011;1215;"OWNER";"0";55;5160;1995-12-18;204000;60;3400;1;155,14880952381;"Jicin";"east Bohemia";77917;85;19;6;1;5;"53.5";8390;"2.28";"2.89";132;2080;2122;NA;NA;NA;NA
"29";1216;65;1012;1216;"OWNER";"1";53;5161;1994-10-28;98184;24;4091;1;214,577380952381;"Znojmo";"south Moravia";114200;101;41;4;1;4;"43.7";8403;"5.74";"5.72";105;2157;2718;NA;NA;NA;NA
"30";1286;52;1071;1286;"OWNER";"1";49;5170;1994-01-20;253200;60;4220;1;254,720238095238;"Usti nad Orlici";"east Bohemia";139012;59;41;8;3;10;"61.9";8363;"2.52";"3.49";108;2564;2799;NA;NA;NA;NA
"31";1327;20;1106;1327;"OWNER";"1";35;5176;1994-11-12;192552;24;8023;-1;212,434523809524;"Strakonice";"south Bohemia";70646;94;14;3;1;4;"58.4";8547;"2.65";"3.64";120;1563;1542;NA;NA;NA;NA
"32";1404;11;1166;1404;"OWNER";"1";30;5189;1994-02-07;149040;48;3105;1;252,14880952381;"Praha - zapad";"central Bohemia";75637;35;36;9;0;7;"36.5";9622;"0.45";"0.59";154;3475;3529;NA;NA;NA;NA
"33";1505;65;1247;1505;"OWNER";"1";27;5208;1995-03-16;99696;48;2077;-1;194,720238095238;"Znojmo";"south Moravia";114200;101;41;4;1;4;"43.7";8403;"5.74";"5.72";105;2157;2718;NA;NA;NA;NA
"34";1509;62;1250;1509;"OWNER";"1";57;5209;1996-11-25;182640;48;3805;1;106,142857142857;"Uherske Hradiste";"south Moravia";145688;22;41;13;2;5;"40.7";8544;"1.29";"1.86";109;2719;2906;NA;NA;NA;NA
"35";1516;38;1256;1516;"OWNER";"1";52;5212;1995-05-29;71064;36;1974;1;184,154761904762;"Louny";"north Bohemia";85852;41;23;4;2;4;"59.8";8965;"7.08";"8.23";104;2653;2822;NA;NA;NA;NA
"36";1663;19;1375;1663;"OWNER";"0";42;5237;1995-08-29;45336;24;1889;1;171,011904761905;"Prachatice";"south Bohemia";51428;50;11;3;1;4;"52.7";8402;"3.13";"3.98";120;999;1099;NA;NA;NA;NA
"37";1851;31;1527;1851;"OWNER";"1";23;5269;1994-11-19;164052;36;4557;-1;211,434523809524;"Tachov";"west Bohemia";51313;34;12;3;1;4;"59.2";8930;"3.52";"4.20";108;1328;1452;NA;NA;NA;NA
"38";1917;69;1583;1917;"OWNER";"1";30;5282;1996-08-24;388512;48;8094;-1;119,434523809524;"Jesenik";"north Moravia";42821;4;13;5;1;3;"48.4";8173;NA;"7.01";124;NA;1358;NA;NA;NA;NA
"39";1944;31;1603;1944;"OWNER";"1";42;5285;1994-02-06;78936;12;6578;1;252,291666666667;"Tachov";"west Bohemia";51313;34;12;3;1;4;"59.2";8930;"3.52";"4.20";108;1328;1452;NA;NA;NA;NA
"40";2063;68;1698;2063;"OWNER";"1";48;5301;1996-07-06;141948;36;3943;1;126,434523809524;"Frydek - Mistek";"north Moravia";228848;15;40;18;2;6;"57.2";9893;"4.09";"4.72";96;5623;5887;NA;NA;NA;NA
"41";2136;28;1762;2136;"OWNER";"1";58;5310;1995-04-28;248148;36;6893;1;188,583333333333;"Plzen - sever";"west Bohemia";72541;66;26;10;0;8;"36.9";8594;"1.62";"2.01";112;1580;1525;NA;NA;NA;NA
"42";2141;28;1766;2141;"OWNER";"0";47;5311;1996-06-15;30060;60;501;1;129,434523809524;"Plzen - sever";"west Bohemia";72541;66;26;10;0;8;"36.9";8594;"1.62";"2.01";112;1580;1525;337;"classic";1996-01-01;153,14880952381
"43";2148;31;1772;2148;"OWNER";"1";45;5312;1996-03-13;202788;36;5633;1;142,863095238095;"Tachov";"west Bohemia";51313;34;12;3;1;4;"59.2";8930;"3.52";"4.20";108;1328;1452;NA;NA;NA;NA
"44";2166;30;1787;2166;"OWNER";"1";51;5314;1993-07-05;96396;12;8033;-1;283,154761904762;"Sokolov";"west Bohemia";94812;15;13;8;2;10;"81.8";9650;"3.38";"3.67";100;2985;2804;NA;NA;NA;NA
"45";2181;46;1801;2181;"OWNER";"0";30;5316;1993-07-11;165960;36;4610;1;282,297619047619;"Nachod";"east Bohemia";112709;48;20;7;3;10;"73.5";8369;"1.79";"2.31";117;2854;2618;NA;NA;NA;NA
"46";2195;68;1811;2195;"OWNER";"1";56;5319;1994-06-23;239460;60;3991;1;232,72619047619;"Frydek - Mistek";"north Moravia";228848;15;40;18;2;6;"57.2";9893;"4.09";"4.72";96;5623;5887;NA;NA;NA;NA
"47";2235;14;1843;2235;"OWNER";"1";59;5325;1993-08-03;105804;36;2939;1;279,011904761905;"Ceske Budejovice";"south Bohemia";177686;69;27;10;1;9;"74.8";10045;"1.42";"1.71";135;6604;6295;NA;NA;NA;NA
"48";2259;19;1862;2259;"OWNER";"1";49;5329;1996-10-16;396120;60;6602;1;111,863095238095;"Prachatice";"south Bohemia";51428;50;11;3;1;4;"52.7";8402;"3.13";"3.98";120;999;1099;NA;NA;NA;NA
"49";2288;32;1886;2288;"OWNER";"1";41;5337;1996-07-31;162468;36;4513;1;122,863095238095;"Ceska Lipa";"north Bohemia";105058;32;19;7;2;10;"81.0";9272;"2.80";"3.22";118;4340;4505;NA;NA;NA;NA
"50";2289;32;1886;2289;"DISPONENT";"0";44;5337;1996-07-31;162468;36;4513;1;122,863095238095;"Ceska Lipa";"north Bohemia";105058;32;19;7;2;10;"81.0";9272;"2.80";"3.22";118;4340;4505;NA;NA;NA;NA
"51";2392;26;1967;2392;"OWNER";"0";43;5350;1996-04-21;249312;48;5194;1;137,291666666667;"Plzen - mesto";"west Bohemia";170449;0;0;0;1;1;"100.0";10787;"2.64";"3.09";131;6041;6261;NA;NA;NA;NA
"52";2403;1;1978;2403;"OWNER";"1";36;5351;1994-12-04;205200;36;5700;1;209,291666666667;"Hl.m. Praha";"Prague";1204953;0;0;0;1;1;"100.0";12541;"0.29";"0.43";167;85677;99107;NA;NA;NA;NA
"53";2422;68;1993;2422;"OWNER";"1";22;5352;1995-04-15;68400;12;5700;-1;190,440476190476;"Frydek - Mistek";"north Moravia";228848;15;40;18;2;6;"57.2";9893;"4.09";"4.72";96;5623;5887;NA;NA;NA;NA
"54";2501;70;2062;2501;"OWNER";"1";58;5366;1996-10-29;86184;12;7182;1;110;"Karvina";"north Moravia";285387;0;2;8;5;7;"89.9";10177;"6.63";"7.75";81;9878;10108;NA;NA;NA;NA
"55";2550;1;2106;2550;"OWNER";"1";22;5375;1996-10-03;101520;12;8460;1;113,720238095238;"Hl.m. Praha";"Prague";1204953;0;0;0;1;1;"100.0";12541;"0.29";"0.43";167;85677;99107;NA;NA;NA;NA
"56";2592;1;2143;2592;"OWNER";"1";18;5385;1996-09-09;71460;36;1985;1;117,14880952381;"Hl.m. Praha";"Prague";1204953;0;0;0;1;1;"100.0";12541;"0.29";"0.43";167;85677;99107;NA;NA;NA;NA
"57";2593;1;2143;2593;"DISPONENT";"0";21;5385;1996-09-09;71460;36;1985;1;117,14880952381;"Hl.m. Praha";"Prague";1204953;0;0;0;1;1;"100.0";12541;"0.29";"0.43";167;85677;99107;NA;NA;NA;NA
"58";2606;31;2153;2606;"OWNER";"0";56;5388;1996-11-28;61560;12;5130;1;105,714285714286;"Tachov";"west Bohemia";51313;34;12;3;1;4;"59.2";8930;"3.52";"4.20";108;1328;1452;NA;NA;NA;NA
"59";2623;16;2167;2623;"OWNER";"1";33;5390;1994-10-30;170256;24;7094;1;214,291666666667;"Jindrichuv Hradec";"south Bohemia";93931;74;21;10;1;8;"56.9";8427;"1.12";"1.54";107;1874;1913;NA;NA;NA;NA
"60";2635;67;2176;2635;"OWNER";"1";32;5395;1994-07-30;299088;36;8308;-1;227,440476190476;"Bruntal";"north Moravia";106054;38;25;6;2;6;"63.1";8110;"5.77";"6.55";109;3244;3079;NA;NA;NA;NA
"61";2686;19;2218;2686;"OWNER";"1";48;5409;1995-11-18;182040;60;3034;1;159,434523809524;"Prachatice";"south Bohemia";51428;50;11;3;1;4;"52.7";8402;"3.13";"3.98";120;999;1099;NA;NA;NA;NA
"62";2687;19;2218;2687;"DISPONENT";"0";49;5409;1995-11-18;182040;60;3034;1;159,434523809524;"Prachatice";"south Bohemia";51428;50;11;3;1;4;"52.7";8402;"3.13";"3.98";120;999;1099;NA;NA;NA;NA
"63";2698;31;2227;2698;"OWNER";"1";28;5413;1995-12-12;92976;24;3874;1;156,005952380952;"Tachov";"west Bohemia";51313;34;12;3;1;4;"59.2";8930;"3.52";"4.20";108;1328;1452;NA;NA;NA;NA
"64";2699;31;2227;2699;"DISPONENT";"0";22;5413;1995-12-12;92976;24;3874;1;156,005952380952;"Tachov";"west Bohemia";51313;34;12;3;1;4;"59.2";8930;"3.52";"4.20";108;1328;1452;NA;NA;NA;NA
"65";2700;34;2228;2700;"OWNER";"0";54;5414;1995-03-29;185952;48;3874;1;192,869047619048;"Chomutov";"north Bohemia";125236;28;11;1;4;5;"87.7";9675;"6.43";"7.68";100;5323;5190;NA;NA;NA;NA
"66";2708;73;2236;2708;"OWNER";"0";40;5415;1996-09-26;139464;36;3874;-1;114,720238095238;"Opava";"north Moravia";182027;17;49;12;2;7;"56.4";8746;"3.33";"3.74";90;4355;4433;NA;NA;NA;NA
"67";2719;29;2245;2719;"OWNER";"1";34;5418;1995-01-16;347952;48;7249;1;203,14880952381;"Rokycany";"west Bohemia";45714;52;10;5;1;6;"55.6";8843;"2.82";"3.60";113;818;888;NA;NA;NA;NA
"68";2746;1;2268;2746;"OWNER";"0";28;5429;1996-07-18;20196;36;561;1;124,720238095238;"Hl.m. Praha";"Prague";1204953;0;0;0;1;1;"100.0";12541;"0.29";"0.43";167;85677;99107;NA;NA;NA;NA
"69";2809;33;2322;2809;"OWNER";"0";20;5445;1996-06-29;46320;24;1930;1;127,434523809524;"Decin";"north Bohemia";133777;24;17;7;3;11;"84.7";8705;"5.75";"7.61";116;4650;4859;NA;NA;NA;NA
"70";2831;68;2343;2831;"OWNER";"1";18;5449;1995-11-04;99336;24;4139;1;161,434523809524;"Frydek - Mistek";"north Moravia";228848;15;40;18;2;6;"57.2";9893;"4.09";"4.72";96;5623;5887;NA;NA;NA;NA
"71";2834;52;2345;2834;"OWNER";"0";49;5450;1994-12-11;199680;60;3328;1;208,291666666667;"Usti nad Orlici";"east Bohemia";139012;59;41;8;3;10;"61.9";8363;"2.52";"3.49";108;2564;2799;NA;NA;NA;NA
"72";2843;70;2352;2843;"OWNER";"1";32;5452;1996-04-29;49440;60;824;1;136,14880952381;"Karvina";"north Moravia";285387;0;2;8;5;7;"89.9";10177;"6.63";"7.75";81;9878;10108;NA;NA;NA;NA
"73";2853;28;2361;2853;"OWNER";"1";43;5453;1995-04-01;156672;36;4352;1;192,440476190476;"Plzen - sever";"west Bohemia";72541;66;26;10;0;8;"36.9";8594;"1.62";"2.01";112;1580;1525;NA;NA;NA;NA
"74";2922;43;2419;2922;"OWNER";"0";58;5464;1995-01-30;95808;12;7984;1;201,14880952381;"Hradec Kralove";"east Bohemia";161854;73;21;6;1;6;"76.3";9425;"1.72";"2.50";125;4085;3891;NA;NA;NA;NA
"75";2966;65;2456;2966;"OWNER";"0";44;5470;1996-04-15;200976;48;4187;1;138,14880952381;"Znojmo";"south Moravia";114200;101;41;4;1;4;"43.7";8403;"5.74";"5.72";105;2157;2718;NA;NA;NA;NA
"76";3001;1;2486;3001;"OWNER";"0";40;5479;1994-01-10;24516;12;2043;1;256,14880952381;"Hl.m. Praha";"Prague";1204953;0;0;0;1;1;"100.0";12541;"0.29";"0.43";167;85677;99107;NA;NA;NA;NA
"77";3013;51;2496;3013;"OWNER";"1";49;5482;1996-01-12;165120;60;2752;1;151,577380952381;"Trutnov";"east Bohemia";121947;37;28;7;3;11;"70.5";8541;"2.51";"2.97";131;3496;3839;NA;NA;NA;NA
"78";3014;51;2496;3014;"DISPONENT";"0";45;5482;1996-01-12;165120;60;2752;1;151,577380952381;"Trutnov";"east Bohemia";121947;37;28;7;3;11;"70.5";8541;"2.51";"2.97";131;3496;3839;NA;NA;NA;NA
"79";3103;64;2572;3103;"OWNER";"1";26;5494;1996-06-13;360000;48;7500;1;129,720238095238;"Zlin";"south Moravia";197099;29;41;10;2;10;"74.7";9624;"1.60";"2.31";145;4484;4265;NA;NA;NA;NA
"80";3113;60;2580;3113;"OWNER";"1";27;5495;1996-08-02;89340;60;1489;1;122,577380952381;"Prostejov";"south Moravia";110643;49;41;4;1;4;"51.9";8441;"3.45";"4.48";115;1879;2252;NA;NA;NA;NA
"81";3114;60;2580;3114;"DISPONENT";"0";28;5495;1996-08-02;89340;60;1489;1;122,577380952381;"Prostejov";"south Moravia";110643;49;41;4;1;4;"51.9";8441;"3.45";"4.48";115;1879;2252;NA;NA;NA;NA
"82";3251;52;2694;3251;"OWNER";"1";36;5519;1994-03-08;91632;12;7636;1;248,005952380952;"Usti nad Orlici";"east Bohemia";139012;59;41;8;3;10;"61.9";8363;"2.52";"3.49";108;2564;2799;NA;NA;NA;NA
"83";3252;52;2694;3252;"DISPONENT";"0";38;5519;1994-03-08;91632;12;7636;1;248,005952380952;"Usti nad Orlici";"east Bohemia";139012;59;41;8;3;10;"61.9";8363;"2.52";"3.49";108;2564;2799;NA;NA;NA;NA
"84";3264;63;2705;3264;"OWNER";"1";48;5523;1993-12-08;93888;36;2608;1;260,863095238095;"Vyskov";"south Moravia";86513;38;36;5;1;5;"50.5";8288;"3.79";"4.52";110;1562;1460;NA;NA;NA;NA
"85";3335;11;2762;3335;"OWNER";"0";32;5533;1994-07-05;111384;24;4641;1;231,011904761905;"Praha - zapad";"central Bohemia";75637;35;36;9;0;7;"36.5";9622;"0.45";"0.59";154;3475;3529;NA;NA;NA;NA
"86";3414;11;2824;3414;"OWNER";"1";51;5549;1994-07-16;50460;60;841;1;229,440476190476;"Praha - zapad";"central Bohemia";75637;35;36;9;0;7;"36.5";9622;"0.45";"0.59";154;3475;3529;NA;NA;NA;NA
"87";3519;74;2912;3519;"OWNER";"0";49;5563;1996-02-29;380160;60;6336;1;144,720238095238;"Ostrava - mesto";"north Moravia";323870;0;0;0;1;1;"100.0";10673;"4.75";"5.44";100;18782;18347;NA;NA;NA;NA
"88";3542;10;2933;3542;"OWNER";"0";59;5568;1994-05-17;272520;60;4542;1;238,011904761905;"Praha - vychod";"central Bohemia";92084;55;29;4;3;5;"46.7";10124;"0.56";"0.54";141;3810;4316;NA;NA;NA;NA
"89";3543;10;2933;3543;"DISPONENT";"1";57;5568;1994-05-17;272520;60;4542;1;238,011904761905;"Praha - vychod";"central Bohemia";92084;55;29;4;3;5;"46.7";10124;"0.56";"0.54";141;3810;4316;NA;NA;NA;NA
"90";3576;1;2962;3576;"OWNER";"1";60;5576;1994-12-21;31248;12;2604;1;206,863095238095;"Hl.m. Praha";"Prague";1204953;0;0;0;1;1;"100.0";12541;"0.29";"0.43";167;85677;99107;NA;NA;NA;NA
"91";3616;77;2994;3616;"OWNER";"1";35;5586;1996-09-14;48744;36;1354;1;116,434523809524;"Vsetin";"north Moravia";148545;8;35;12;3;4;"53.5";8909;"4.01";"5.56";113;3460;3590;NA;NA;NA;NA
"92";3649;10;3021;3649;"OWNER";"1";39;5591;1996-12-04;155616;48;3242;1;104,857142857143;"Praha - vychod";"central Bohemia";92084;55;29;4;3;5;"46.7";10124;"0.56";"0.54";141;3810;4316;NA;NA;NA;NA
"93";3670;44;3037;3670;"OWNER";"1";18;5593;1996-04-18;277884;36;7719;-1;137,720238095238;"Chrudim";"east Bohemia";105606;77;26;7;2;7;"53.0";8254;"2.79";"3.76";97;2166;2325;NA;NA;NA;NA
"94";3687;49;3050;3687;"OWNER";"0";27;5595;1994-09-02;82896;12;6908;1;222,583333333333;"Semily";"east Bohemia";75685;31;28;5;1;9;"60.8";8208;"1.89";"2.26";155;1660;2123;577;"classic";1994-02-15;251,005952380952
"95";3688;49;3050;3688;"DISPONENT";"1";24;5595;1994-09-02;82896;12;6908;1;222,583333333333;"Semily";"east Bohemia";75685;31;28;5;1;9;"60.8";8208;"1.89";"2.26";155;1660;2123;NA;NA;NA;NA
"96";3705;1;3064;3705;"OWNER";"1";33;5599;1995-03-21;15420;12;1285;1;194,005952380952;"Hl.m. Praha";"Prague";1204953;0;0;0;1;1;"100.0";12541;"0.29";"0.43";167;85677;99107;NA;NA;NA;NA
"97";3730;59;3084;3730;"OWNER";"1";53;5606;1996-08-28;253512;36;7042;-1;118,863095238095;"Kromeriz";"south Moravia";108871;41;29;7;2;6;"62.1";8444;"3.24";"3.47";106;2595;2305;NA;NA;NA;NA
"98";3763;38;3112;3763;"OWNER";"1";21;5610;1996-02-24;123216;48;2567;1;145,434523809524;"Louny";"north Bohemia";85852;41;23;4;2;4;"59.8";8965;"7.08";"8.23";104;2653;2822;NA;NA;NA;NA
"99";3764;38;3112;3764;"DISPONENT";"0";21;5610;1996-02-24;123216;48;2567;1;145,434523809524;"Louny";"north Bohemia";85852;41;23;4;2;4;"59.8";8965;"7.08";"8.23";104;2653;2822;NA;NA;NA;NA
"100";3767;14;3115;3767;"OWNER";"0";62;5611;1996-11-15;321180;60;5353;1;107,571428571429;"Ceske Budejovice";"south Bohemia";177686;69;27;10;1;9;"74.8";10045;"1.42";"1.71";135;6604;6295;NA;NA;NA;NA
"101";3768;14;3115;3768;"DISPONENT";"1";55;5611;1996-11-15;321180;60;5353;1;107,571428571429;"Ceske Budejovice";"south Bohemia";177686;69;27;10;1;9;"74.8";10045;"1.42";"1.71";135;6604;6295;NA;NA;NA;NA
"102";3829;59;3166;3829;"OWNER";"0";27;5624;1995-01-03;177744;48;3703;-1;205,005952380952;"Kromeriz";"south Moravia";108871;41;29;7;2;6;"62.1";8444;"3.24";"3.47";106;2595;2305;NA;NA;NA;NA
"103";3855;29;3189;3855;"OWNER";"0";60;5625;1996-12-15;222180;60;3703;-1;103,285714285714;"Rokycany";"west Bohemia";45714;52;10;5;1;6;"55.6";8843;"2.82";"3.60";113;818;888;NA;NA;NA;NA
"104";3907;1;3230;3907;"OWNER";"1";44;5635;1996-10-04;77184;36;2144;1;113,577380952381;"Hl.m. Praha";"Prague";1204953;0;0;0;1;1;"100.0";12541;"0.29";"0.43";167;85677;99107;NA;NA;NA;NA
"105";4056;63;3354;4056;"OWNER";"1";46;5657;1994-07-05;4980;12;415;1;231,011904761905;"Vyskov";"south Moravia";86513;38;36;5;1;5;"50.5";8288;"3.79";"4.52";110;1562;1460;NA;NA;NA;NA
"106";4217;9;3489;4217;"OWNER";"1";47;5693;1995-08-01;44088;24;1837;1;175,011904761905;"Nymburk";"central Bohemia";81344;61;23;4;2;6;"55.3";8899;"3.39";"3.97";149;2987;2487;NA;NA;NA;NA
"107";4352;72;3608;4352;"OWNER";"0";27;5706;1996-05-24;161496;36;4486;1;132,577380952381;"Olomouc";"north Moravia";226122;32;50;7;4;4;"62.6";8994;"3.80";"4.79";110;9672;9208;NA;NA;NA;NA
"108";4377;48;3629;4377;"OWNER";"0";21;5713;1995-05-30;158760;60;2646;1;184,011904761905;"Rychnov nad Kneznou";"east Bohemia";78955;50;24;8;1;9;"59.0";9060;"1.78";"2.44";124;1655;1717;NA;NA;NA;NA
"109";4428;38;3674;4428;"OWNER";"0";45;5723;1994-09-10;23628;12;1969;1;221,440476190476;"Louny";"north Bohemia";85852;41;23;4;2;4;"59.8";8965;"7.08";"8.23";104;2653;2822;NA;NA;NA;NA
"110";4433;1;3678;4433;"OWNER";"0";31;5724;1995-02-05;316140;60;5269;-1;200,291666666667;"Hl.m. Praha";"Prague";1204953;0;0;0;1;1;"100.0";12541;"0.29";"0.43";167;85677;99107;NA;NA;NA;NA
"111";4434;64;3679;4434;"OWNER";"0";35;5725;1996-07-23;444864;48;9268;1;124,005952380952;"Zlin";"south Moravia";197099;29;41;10;2;10;"74.7";9624;"1.60";"2.31";145;4484;4265;NA;NA;NA;NA
"112";4435;64;3679;4435;"DISPONENT";"1";33;5725;1996-07-23;444864;48;9268;1;124,005952380952;"Zlin";"south Moravia";197099;29;41;10;2;10;"74.7";9624;"1.60";"2.31";145;4484;4265;NA;NA;NA;NA
"113";4520;1;3747;4520;"OWNER";"1";41;5739;1995-01-02;76380;12;6365;1;205,14880952381;"Hl.m. Praha";"Prague";1204953;0;0;0;1;1;"100.0";12541;"0.29";"0.43";167;85677;99107;NA;NA;NA;NA
"114";4527;1;3752;4527;"OWNER";"1";36;5740;1995-04-02;18564;12;1547;1;192,297619047619;"Hl.m. Praha";"Prague";1204953;0;0;0;1;1;"100.0";12541;"0.29";"0.43";167;85677;99107;NA;NA;NA;NA
"115";4529;37;3754;4529;"OWNER";"0";22;5741;1996-11-03;68544;24;2856;1;109,285714285714;"Litomerice";"north Bohemia";114006;71;26;6;2;9;"62.3";9065;"4.46";"5.39";123;4147;4166;NA;NA;NA;NA
"116";4530;37;3754;4530;"DISPONENT";"1";14;5741;1996-11-03;68544;24;2856;1;109,285714285714;"Litomerice";"north Bohemia";114006;71;26;6;2;9;"62.3";9065;"4.46";"5.39";123;4147;4166;NA;NA;NA;NA
"117";4584;7;3804;4584;"OWNER";"1";49;5750;1996-02-08;63252;12;5271;1;147,720238095238;"Melnik";"central Bohemia";94725;38;28;1;3;6;"63.4";9920;"2.26";"2.87";130;4289;4846;NA;NA;NA;NA
"118";4620;54;3834;4620;"OWNER";"1";58;5754;1994-09-28;23052;12;1921;1;218,863095238095;"Brno - mesto";"south Moravia";387570;0;0;0;1;1;"100.0";9897;"1.60";"1.96";140;18721;18696;NA;NA;NA;NA
"119";4621;54;3834;4621;"DISPONENT";"0";53;5754;1994-09-28;23052;12;1921;1;218,863095238095;"Brno - mesto";"south Moravia";387570;0;0;0;1;1;"100.0";9897;"1.60";"1.96";140;18721;18696;NA;NA;NA;NA
"120";4916;52;4079;4916;"OWNER";"0";60;5804;1995-04-05;158976;48;3312;1;191,869047619048;"Usti nad Orlici";"east Bohemia";139012;59;41;8;3;10;"61.9";8363;"2.52";"3.49";108;2564;2799;NA;NA;NA;NA
"121";4918;11;4081;4918;"OWNER";"0";31;5805;1995-11-28;137904;24;5746;-1;158,005952380952;"Praha - zapad";"central Bohemia";75637;35;36;9;0;7;"36.5";9622;"0.45";"0.59";154;3475;3529;NA;NA;NA;NA
"122";5133;66;4259;5133;"OWNER";"1";39;5836;1994-08-27;79632;24;3318;1;223,440476190476;"Zdar nad Sazavou";"south Moravia";125832;151;41;2;3;5;"48.3";8512;"3.51";"4.12";102;2247;2103;NA;NA;NA;NA
"123";5134;58;4260;5134;"OWNER";"1";31;5837;1994-06-29;244560;60;4076;1;231,869047619048;"Jihlava";"south Moravia";109164;98;16;6;1;4;"63.6";8757;"3.38";"3.95";96;2212;2471;NA;NA;NA;NA
"124";5224;29;4337;5224;"OWNER";"0";49;5861;1994-12-08;51408;24;2142;1;208,720238095238;"Rokycany";"west Bohemia";45714;52;10;5;1;6;"55.6";8843;"2.82";"3.60";113;818;888;NA;NA;NA;NA
"125";5318;74;4413;5318;"OWNER";"0";31;5876;1995-02-08;221280;48;4610;1;199,863095238095;"Ostrava - mesto";"north Moravia";323870;0;0;0;1;1;"100.0";10673;"4.75";"5.44";100;18782;18347;NA;NA;NA;NA
"126";5319;74;4413;5319;"DISPONENT";"1";34;5876;1995-02-08;221280;48;4610;1;199,863095238095;"Ostrava - mesto";"north Moravia";323870;0;0;0;1;1;"100.0";10673;"4.75";"5.44";100;18782;18347;NA;NA;NA;NA
"127";5320;17;4414;5320;"OWNER";"1";48;5877;1995-02-23;97224;24;4051;1;197,720238095238;"Pelhrimov";"south Bohemia";74062;99;15;4;2;7;"61.4";8114;"2.38";"2.62";119;1003;1181;NA;NA;NA;NA
"128";5321;17;4414;5321;"DISPONENT";"0";49;5877;1995-02-23;97224;24;4051;1;197,720238095238;"Pelhrimov";"south Bohemia";74062;99;15;4;2;7;"61.4";8114;"2.38";"2.62";119;1003;1181;NA;NA;NA;NA
"129";5333;39;4423;5333;"OWNER";"1";31;5880;1995-10-31;73836;36;2051;1;162,005952380952;"Most";"north Bohemia";119895;17;4;3;2;4;"89.9";10446;"7.34";"9.40";90;4947;4743;NA;NA;NA;NA
"130";5337;1;4427;5337;"OWNER";"0";38;5882;1994-09-26;87816;12;7318;1;219,14880952381;"Hl.m. Praha";"Prague";1204953;0;0;0;1;1;"100.0";12541;"0.29";"0.43";167;85677;99107;NA;NA;NA;NA
"131";5338;1;4427;5338;"DISPONENT";"1";32;5882;1994-09-26;87816;12;7318;1;219,14880952381;"Hl.m. Praha";"Prague";1204953;0;0;0;1;1;"100.0";12541;"0.29";"0.43";167;85677;99107;NA;NA;NA;NA
"132";5364;62;4447;5364;"OWNER";"0";35;5886;1996-10-31;192744;36;5354;1;109,714285714286;"Uherske Hradiste";"south Moravia";145688;22;41;13;2;5;"40.7";8544;"1.29";"1.86";109;2719;2906;NA;NA;NA;NA
"133";5365;62;4447;5365;"DISPONENT";"1";28;5886;1996-10-31;192744;36;5354;1;109,714285714286;"Uherske Hradiste";"south Moravia";145688;22;41;13;2;5;"40.7";8544;"1.29";"1.86";109;2719;2906;NA;NA;NA;NA
"134";5366;60;4448;5366;"OWNER";"1";27;5887;1994-10-03;192744;36;5354;1;218,14880952381;"Prostejov";"south Moravia";110643;49;41;4;1;4;"51.9";8441;"3.45";"4.48";115;1879;2252;NA;NA;NA;NA
"135";5367;60;4448;5367;"DISPONENT";"0";19;5887;1994-10-03;192744;36;5354;1;218,14880952381;"Prostejov";"south Moravia";110643;49;41;4;1;4;"51.9";8441;"3.45";"4.48";115;1879;2252;NA;NA;NA;NA
"136";5384;73;4462;5384;"OWNER";"0";63;5892;1996-05-14;66480;24;2770;-1;134,005952380952;"Opava";"north Moravia";182027;17;49;12;2;7;"56.4";8746;"3.33";"3.74";90;4355;4433;NA;NA;NA;NA
"137";5399;24;4476;5399;"OWNER";"1";26;5897;1996-09-25;15192;24;633;1;114,863095238095;"Karlovy Vary";"west Bohemia";122603;25;21;6;2;8;"80.0";8991;"1.39";"2.01";128;5198;5273;NA;NA;NA;NA
"138";5433;50;4503;5433;"OWNER";"0";23;5900;1996-01-01;135360;48;2820;1;153,14880952381;"Svitavy";"east Bohemia";102609;75;33;2;3;6;"52.0";8187;"4.83";"5.45";94;2123;2134;783;"junior";1995-10-24;163,005952380952
"139";5517;57;4576;5517;"OWNER";"0";35;5918;1994-06-04;300204;36;8339;1;235,440476190476;"Hodonin";"south Moravia";161954;21;37;20;3;8;"48.0";8720;"3.73";"4.50";116;3729;3651;NA;NA;NA;NA
"140";5521;9;4580;5521;"OWNER";"1";26;5922;1995-08-05;20220;12;1685;1;174,440476190476;"Nymburk";"central Bohemia";81344;61;23;4;2;6;"55.3";8899;"3.39";"3.97";149;2987;2487;NA;NA;NA;NA
"141";5526;27;4585;5526;"OWNER";"0";52;5923;1996-10-10;64656;48;1347;1;112,720238095238;"Plzen - jih";"west Bohemia";67298;71;19;10;0;7;"43.8";8561;"0.65";"1.29";110;1029;1127;NA;NA;NA;NA
"142";5527;27;4585;5527;"DISPONENT";"1";57;5923;1996-10-10;64656;48;1347;1;112,720238095238;"Plzen - jih";"west Bohemia";67298;71;19;10;0;7;"43.8";8561;"0.65";"1.29";110;1029;1127;NA;NA;NA;NA
"143";5606;4;4650;5606;"OWNER";"0";18;5938;1996-08-25;402000;60;6700;1;119,291666666667;"Kladno";"central Bohemia";149893;63;29;6;2;6;"67.4";9753;"4.64";"5.05";109;5244;5892;NA;NA;NA;NA
"144";5701;2;4727;5701;"OWNER";"1";39;5959;1995-08-11;107640;24;4485;1;173,583333333333;"Benesov";"central Bohemia";88884;80;26;6;2;5;"46.7";8507;"1.67";"1.85";132;2159;2674;NA;NA;NA;NA
"145";5760;66;4774;5760;"OWNER";"0";51;5970;1995-07-09;465072;48;9689;1;178,297619047619;"Zdar nad Sazavou";"south Moravia";125832;151;41;2;3;5;"48.3";8512;"3.51";"4.12";102;2247;2103;NA;NA;NA;NA
"146";5761;66;4774;5761;"DISPONENT";"1";57;5970;1995-07-09;465072;48;9689;1;178,297619047619;"Zdar nad Sazavou";"south Moravia";125832;151;41;2;3;5;"48.3";8512;"3.51";"4.12";102;2247;2103;NA;NA;NA;NA
"147";5826;15;4825;5826;"OWNER";"0";30;5980;1995-08-18;21396;12;1783;1;172,583333333333;"Cesky Krumlov";"south Bohemia";58796;22;16;7;1;5;"51.9";9045;"3.13";"3.60";124;1845;1879;NA;NA;NA;NA
"148";5827;15;4825;5827;"DISPONENT";"1";24;5980;1995-08-18;21396;12;1783;1;172,583333333333;"Cesky Krumlov";"south Bohemia";58796;22;16;7;1;5;"51.9";9045;"3.13";"3.60";124;1845;1879;NA;NA;NA;NA
"149";5858;52;4851;5858;"OWNER";"0";46;5988;1996-08-22;141648;24;5902;1;119,720238095238;"Usti nad Orlici";"east Bohemia";139012;59;41;8;3;10;"61.9";8363;"2.52";"3.49";108;2564;2799;NA;NA;NA;NA
"150";5859;52;4851;5859;"DISPONENT";"1";54;5988;1996-08-22;141648;24;5902;1;119,720238095238;"Usti nad Orlici";"east Bohemia";139012;59;41;8;3;10;"61.9";8363;"2.52";"3.49";108;2564;2799;NA;NA;NA;NA
"151";5860;47;4852;5860;"OWNER";"0";35;5989;1996-03-04;213300;36;5925;1;144,14880952381;"Pardubice";"east Bohemia";162580;83;26;5;1;6;"72.8";9538;"1.51";"1.81";111;6079;5410;NA;NA;NA;NA
"152";5911;14;4894;5911;"OWNER";"0";63;5997;1993-11-04;117024;24;4876;1;265,720238095238;"Ceske Budejovice";"south Bohemia";177686;69;27;10;1;9;"74.8";10045;"1.42";"1.71";135;6604;6295;NA;NA;NA;NA
"153";5928;42;4907;5928;"OWNER";"1";28;5999;1996-01-03;98832;48;2059;1;152,863095238095;"Havlickuv Brod";"east Bohemia";95907;87;25;5;2;7;"59.1";8388;"2.41";"2.94";87;1658;1668;NA;NA;NA;NA
"154";5965;50;4937;5965;"OWNER";"0";48;6004;1994-07-23;143904;24;5996;1;228,440476190476;"Svitavy";"east Bohemia";102609;75;33;2;3;6;"52.0";8187;"4.83";"5.45";94;2123;2134;NA;NA;NA;NA
"155";5977;43;4948;5977;"OWNER";"0";19;6006;1996-11-15;359760;60;5996;1;107,571428571429;"Hradec Kralove";"east Bohemia";161854;73;21;6;1;6;"76.3";9425;"1.72";"2.50";125;4085;3891;NA;NA;NA;NA
"156";6015;54;4981;6015;"OWNER";"0";25;6011;1996-11-28;179328;48;3736;1;105,714285714286;"Brno - mesto";"south Moravia";387570;0;0;0;1;1;"100.0";9897;"1.60";"1.96";140;18721;18696;NA;NA;NA;NA
"157";6033;1;4994;6033;"OWNER";"0";32;6012;1996-08-03;258444;36;7179;1;122,434523809524;"Hl.m. Praha";"Prague";1204953;0;0;0;1;1;"100.0";12541;"0.29";"0.43";167;85677;99107;NA;NA;NA;NA
"158";6034;20;4995;6034;"OWNER";"0";59;6013;1996-02-03;128988;36;3583;-1;148,434523809524;"Strakonice";"south Bohemia";70646;94;14;3;1;4;"58.4";8547;"2.65";"3.64";120;1563;1542;NA;NA;NA;NA
"159";6042;53;5001;6042;"OWNER";"0";35;6015;1996-11-09;110112;24;4588;1;108,428571428571;"Blansko";"south Moravia";107911;88;33;6;2;7;"50.9";8240;"2.53";"3.56";99;1850;1903;NA;NA;NA;NA
"160";6077;54;5033;6077;"OWNER";"1";19;6019;1996-07-25;11400;12;950;1;123,720238095238;"Brno - mesto";"south Moravia";387570;0;0;0;1;1;"100.0";9897;"1.60";"1.96";140;18721;18696;NA;NA;NA;NA
"161";6115;13;5066;6115;"OWNER";"1";45;6027;1996-02-10;61656;24;2569;-1;147,434523809524;"Rakovnik";"central Bohemia";53921;61;22;1;1;2;"41.3";8598;"2.77";"3.26";123;1597;1875;NA;NA;NA;NA
"162";6178;1;5120;6178;"OWNER";"1";58;6038;1994-08-10;323472;48;6739;1;225,869047619048;"Hl.m. Praha";"Prague";1204953;0;0;0;1;1;"100.0";12541;"0.29";"0.43";167;85677;99107;NA;NA;NA;NA
"163";6185;58;5126;6185;"OWNER";"1";51;6043;1996-01-11;20352;48;424;1;151,720238095238;"Jihlava";"south Moravia";109164;98;16;6;1;4;"63.6";8757;"3.38";"3.95";96;2212;2471;NA;NA;NA;NA
"164";6186;58;5126;6186;"DISPONENT";"0";46;6043;1996-01-11;20352;48;424;1;151,720238095238;"Jihlava";"south Moravia";109164;98;16;6;1;4;"63.6";8757;"3.38";"3.95";96;2212;2471;NA;NA;NA;NA
"165";6299;1;5213;6299;"OWNER";"0";62;6063;1996-04-25;320976;48;6687;-1;136,720238095238;"Hl.m. Praha";"Prague";1204953;0;0;0;1;1;"100.0";12541;"0.29";"0.43";167;85677;99107;NA;NA;NA;NA
"166";6301;55;5215;6301;"OWNER";"1";50;6064;1994-08-04;14628;12;1219;1;226,72619047619;"Brno - venkov";"south Moravia";157042;49;70;18;0;9;"33.9";8743;"1.88";"2.43";111;3659;3894;NA;NA;NA;NA
"167";6317;77;5228;6317;"OWNER";"1";42;6066;1994-07-11;173808;24;7242;1;230,154761904762;"Vsetin";"north Moravia";148545;8;35;12;3;4;"53.5";8909;"4.01";"5.56";113;3460;3590;NA;NA;NA;NA
"168";6318;77;5228;6318;"DISPONENT";"0";49;6066;1994-07-11;173808;24;7242;1;230,154761904762;"Vsetin";"north Moravia";148545;8;35;12;3;4;"53.5";8909;"4.01";"5.56";113;3460;3590;NA;NA;NA;NA
"169";6349;72;5256;6349;"OWNER";"0";26;6072;1994-05-10;193968;36;5388;1;239,011904761905;"Olomouc";"north Moravia";226122;32;50;7;4;4;"62.6";8994;"3.80";"4.79";110;9672;9208;NA;NA;NA;NA
"170";6359;64;5263;6359;"OWNER";"0";22;6073;1996-11-12;276300;60;4605;1;108;"Zlin";"south Moravia";197099;29;41;10;2;10;"74.7";9624;"1.60";"2.31";145;4484;4265;NA;NA;NA;NA
"171";6367;44;5270;6367;"OWNER";"0";29;6077;1993-11-22;79608;24;3317;1;263,14880952381;"Chrudim";"east Bohemia";105606;77;26;7;2;7;"53.0";8254;"2.79";"3.76";97;2166;2325;NA;NA;NA;NA
"172";6417;40;5313;6417;"OWNER";"0";49;6087;1994-02-27;300660;60;5011;1;249,291666666667;"Teplice";"north Bohemia";128118;9;16;6;3;8;"85.3";9317;"6.49";"7.07";97;6949;6872;NA;NA;NA;NA
"173";6499;44;5385;6499;"OWNER";"0";36;6103;1994-04-07;149340;60;2489;1;243,72619047619;"Chrudim";"east Bohemia";105606;77;26;7;2;7;"53.0";8254;"2.79";"3.76";97;2166;2325;NA;NA;NA;NA
"174";6544;66;5422;6544;"OWNER";"0";24;6109;1996-06-03;368880;60;6148;1;131,14880952381;"Zdar nad Sazavou";"south Moravia";125832;151;41;2;3;5;"48.3";8512;"3.51";"4.12";102;2247;2103;NA;NA;NA;NA
"175";6545;66;5422;6545;"DISPONENT";"1";20;6109;1996-06-03;368880;60;6148;1;131,14880952381;"Zdar nad Sazavou";"south Moravia";125832;151;41;2;3;5;"48.3";8512;"3.51";"4.12";102;2247;2103;NA;NA;NA;NA
"176";6551;24;5428;6551;"OWNER";"1";50;6111;1993-09-24;174744;24;7281;-1;271,583333333333;"Karlovy Vary";"west Bohemia";122603;25;21;6;2;8;"80.0";8991;"1.39";"2.01";128;5198;5273;NA;NA;NA;NA
"177";6567;5;5442;6567;"OWNER";"1";20;6112;1994-06-17;174744;24;7281;-1;233,583333333333;"Kolin";"central Bohemia";95616;65;30;4;1;6;"51.4";9307;"3.85";"4.43";118;2616;3040;NA;NA;NA;NA
"178";6616;1;5481;6616;"OWNER";"0";45;6120;1994-09-11;209184;48;4358;1;221,297619047619;"Hl.m. Praha";"Prague";1204953;0;0;0;1;1;"100.0";12541;"0.29";"0.43";167;85677;99107;NA;NA;NA;NA
"179";6691;43;5541;6691;"OWNER";"0";56;6130;1996-07-18;32640;48;680;1;124,720238095238;"Hradec Kralove";"east Bohemia";161854;73;21;6;1;6;"76.3";9425;"1.72";"2.50";125;4085;3891;NA;NA;NA;NA
"180";6731;13;5574;6731;"OWNER";"0";55;6137;1996-04-10;44628;12;3719;1;138,863095238095;"Rakovnik";"central Bohemia";53921;61;22;1;1;2;"41.3";8598;"2.77";"3.26";123;1597;1875;NA;NA;NA;NA
"181";6753;15;5593;6753;"OWNER";"0";36;6144;1996-08-09;44376;12;3698;1;121,577380952381;"Cesky Krumlov";"south Bohemia";58796;22;16;7;1;5;"51.9";9045;"3.13";"3.60";124;1845;1879;NA;NA;NA;NA
"182";6789;57;5622;6789;"OWNER";"0";20;6150;1994-11-02;83016;12;6918;1;213,863095238095;"Hodonin";"south Moravia";161954;21;37;20;3;8;"48.0";8720;"3.73";"4.50";116;3729;3651;NA;NA;NA;NA
"183";6798;61;5628;6798;"OWNER";"1";50;6151;1995-04-25;225420;60;3757;1;189,011904761905;"Trebic";"south Moravia";117897;139;28;5;1;6;"53.8";8814;"4.76";"5.74";107;2112;2059;NA;NA;NA;NA
"184";6803;5;5632;6803;"OWNER";"1";18;6153;1995-07-25;285600;60;4760;1;176,011904761905;"Kolin";"central Bohemia";95616;65;30;4;1;6;"51.4";9307;"3.85";"4.43";118;2616;3040;NA;NA;NA;NA
"185";6804;5;5632;6804;"DISPONENT";"0";17;6153;1995-07-25;285600;60;4760;1;176,011904761905;"Kolin";"central Bohemia";95616;65;30;4;1;6;"51.4";9307;"3.85";"4.43";118;2616;3040;NA;NA;NA;NA
"186";6829;10;5650;6829;"OWNER";"1";35;6157;1995-07-10;98592;24;4108;1;178,154761904762;"Praha - vychod";"central Bohemia";92084;55;29;4;3;5;"46.7";10124;"0.56";"0.54";141;3810;4316;NA;NA;NA;NA
"187";6895;42;5700;6895;"OWNER";"0";27;6169;1995-03-16;103680;60;1728;-1;194,720238095238;"Havlickuv Brod";"east Bohemia";95907;87;25;5;2;7;"59.1";8388;"2.41";"2.94";87;1658;1668;NA;NA;NA;NA
"188";6936;52;5735;6936;"OWNER";"1";40;6175;1996-02-21;290700;60;4845;-1;145,863095238095;"Usti nad Orlici";"east Bohemia";139012;59;41;8;3;10;"61.9";8363;"2.52";"3.49";108;2564;2799;NA;NA;NA;NA
"189";6946;74;5742;6946;"OWNER";"1";29;6178;1995-12-16;232560;48;4845;1;155,434523809524;"Ostrava - mesto";"north Moravia";323870;0;0;0;1;1;"100.0";10673;"4.75";"5.44";100;18782;18347;NA;NA;NA;NA
"190";6987;1;5774;6987;"OWNER";"0";31;6185;1995-11-28;31176;24;1299;1;158,005952380952;"Hl.m. Praha";"Prague";1204953;0;0;0;1;1;"100.0";12541;"0.29";"0.43";167;85677;99107;NA;NA;NA;NA
"191";7010;70;5794;7010;"OWNER";"0";31;6190;1996-05-06;123600;60;2060;1;135,14880952381;"Karvina";"north Moravia";285387;0;2;8;5;7;"89.9";10177;"6.63";"7.75";81;9878;10108;NA;NA;NA;NA
"192";7011;70;5794;7011;"DISPONENT";"1";38;6190;1996-05-06;123600;60;2060;1;135,14880952381;"Karvina";"north Moravia";285387;0;2;8;5;7;"89.9";10177;"6.63";"7.75";81;9878;10108;NA;NA;NA;NA
"193";7127;3;5891;7127;"OWNER";"0";41;6202;1994-04-18;65184;12;5432;1;242,154761904762;"Beroun";"central Bohemia";75232;55;26;4;1;5;"41.7";8980;"1.95";"2.21";111;2824;2813;NA;NA;NA;NA
"194";7166;15;5927;7166;"OWNER";"0";35;6210;1994-06-06;87216;48;1817;-1;235,154761904762;"Cesky Krumlov";"south Bohemia";58796;22;16;7;1;5;"51.9";9045;"3.13";"3.60";124;1845;1879;NA;NA;NA;NA
"195";7195;50;5952;7195;"OWNER";"0";36;6216;1994-09-30;141240;24;5885;1;218,577380952381;"Svitavy";"east Bohemia";102609;75;33;2;3;6;"52.0";8187;"4.83";"5.45";94;2123;2134;NA;NA;NA;NA
"196";7241;57;5991;7241;"OWNER";"1";41;6223;1994-11-03;61056;48;1272;1;213,720238095238;"Hodonin";"south Moravia";161954;21;37;20;3;8;"48.0";8720;"3.73";"4.50";116;3729;3651;NA;NA;NA;NA
"197";7286;47;6030;7286;"OWNER";"1";29;6227;1995-03-04;28248;24;1177;1;196,434523809524;"Pardubice";"east Bohemia";162580;83;26;5;1;6;"72.8";9538;"1.51";"1.81";111;6079;5410;NA;NA;NA;NA
"198";7291;77;6034;7291;"OWNER";"1";58;6228;1993-12-01;464520;60;7742;-1;261,863095238095;"Vsetin";"north Moravia";148545;8;35;12;3;4;"53.5";8909;"4.01";"5.56";113;3460;3590;NA;NA;NA;NA
"199";7299;1;6040;7299;"OWNER";"0";60;6229;1994-10-02;11736;24;489;1;218,291666666667;"Hl.m. Praha";"Prague";1204953;0;0;0;1;1;"100.0";12541;"0.29";"0.43";167;85677;99107;NA;NA;NA;NA
"200";7311;56;6051;7311;"OWNER";"0";49;6232;1994-07-08;276660;36;7685;-1;230,583333333333;"Breclav";"south Moravia";124605;11;42;14;1;8;"46.0";8772;"4.69";"4.98";126;2854;3158;NA;NA;NA;NA
"201";7390;1;6118;7390;"OWNER";"0";61;6244;1995-01-08;270648;36;7518;-1;204,291666666667;"Hl.m. Praha";"Prague";1204953;0;0;0;1;1;"100.0";12541;"0.29";"0.43";167;85677;99107;NA;NA;NA;NA
"202";7422;74;6148;7422;"OWNER";"0";40;6253;1994-11-04;59760;24;2490;1;213,577380952381;"Ostrava - mesto";"north Moravia";323870;0;0;0;1;1;"100.0";10673;"4.75";"5.44";100;18782;18347;NA;NA;NA;NA
"203";7423;74;6148;7423;"DISPONENT";"1";34;6253;1994-11-04;59760;24;2490;1;213,577380952381;"Ostrava - mesto";"north Moravia";323870;0;0;0;1;1;"100.0";10673;"4.75";"5.44";100;18782;18347;NA;NA;NA;NA
"204";7521;74;6226;7521;"OWNER";"1";39;6272;1994-12-20;398640;60;6644;1;207,005952380952;"Ostrava - mesto";"north Moravia";323870;0;0;0;1;1;"100.0";10673;"4.75";"5.44";100;18782;18347;NA;NA;NA;NA
"205";7576;38;6273;7576;"OWNER";"0";36;6279;1994-06-07;87360;24;3640;1;235,011904761905;"Louny";"north Bohemia";85852;41;23;4;2;4;"59.8";8965;"7.08";"8.23";104;2653;2822;NA;NA;NA;NA
"206";7594;64;6289;7594;"OWNER";"1";50;6283;1996-08-11;85632;48;1784;1;121,291666666667;"Zlin";"south Moravia";197099;29;41;10;2;10;"74.7";9624;"1.60";"2.31";145;4484;4265;NA;NA;NA;NA
"207";7672;26;6353;7672;"OWNER";"0";46;6294;1995-02-12;79920;60;1332;1;199,291666666667;"Plzen - mesto";"west Bohemia";170449;0;0;0;1;1;"100.0";10787;"2.64";"3.09";131;6041;6261;NA;NA;NA;NA
"208";7678;3;6358;7678;"OWNER";"0";37;6296;1996-08-06;270384;48;5633;1;122,005952380952;"Beroun";"central Bohemia";75232;55;26;4;1;5;"41.7";8980;"1.95";"2.21";111;2824;2813;NA;NA;NA;NA
"209";7683;12;6363;7683;"OWNER";"0";53;6297;1994-10-25;17508;12;1459;1;215,005952380952;"Pribram";"central Bohemia";107870;84;29;6;1;6;"58.0";8754;"3.83";"4.31";137;3804;3868;NA;NA;NA;NA
"210";7723;48;6397;7723;"OWNER";"1";32;6302;1996-09-16;181020;60;3017;1;116,14880952381;"Rychnov nad Kneznou";"east Bohemia";78955;50;24;8;1;9;"59.0";9060;"1.78";"2.44";124;1655;1717;NA;NA;NA;NA
"211";7724;48;6397;7724;"DISPONENT";"0";31;6302;1996-09-16;181020;60;3017;1;116,14880952381;"Rychnov nad Kneznou";"east Bohemia";78955;50;24;8;1;9;"59.0";9060;"1.78";"2.44";124;1655;1717;NA;NA;NA;NA
"212";7727;31;6400;7727;"OWNER";"1";40;6303;1996-02-12;72408;24;3017;-1;147,14880952381;"Tachov";"west Bohemia";51313;34;12;3;1;4;"59.2";8930;"3.52";"4.20";108;1328;1452;NA;NA;NA;NA
"213";7753;70;6425;7753;"OWNER";"1";20;6306;1994-12-20;36684;12;3057;1;207,005952380952;"Karvina";"north Moravia";285387;0;2;8;5;7;"89.9";10177;"6.63";"7.75";81;9878;10108;NA;NA;NA;NA
"214";7765;1;6434;7765;"OWNER";"1";41;6309;1996-11-11;110136;24;4589;1;108,142857142857;"Hl.m. Praha";"Prague";1204953;0;0;0;1;1;"100.0";12541;"0.29";"0.43";167;85677;99107;NA;NA;NA;NA
"215";7814;61;6472;7814;"OWNER";"1";23;6315;1995-02-06;43164;12;3597;1;200,14880952381;"Trebic";"south Moravia";117897;139;28;5;1;6;"53.8";8814;"4.76";"5.74";107;2112;2059;NA;NA;NA;NA
"216";7815;4;6473;7815;"OWNER";"1";53;6316;1994-05-26;76908;12;6409;-1;236,72619047619;"Kladno";"central Bohemia";149893;63;29;6;2;6;"67.4";9753;"4.64";"5.05";109;5244;5892;NA;NA;NA;NA
"217";7914;38;6555;7914;"OWNER";"1";32;6336;1994-03-31;212400;36;5900;1;244,72619047619;"Louny";"north Bohemia";85852;41;23;4;2;4;"59.8";8965;"7.08";"8.23";104;2653;2822;NA;NA;NA;NA
"218";7980;16;6609;7980;"OWNER";"0";22;6342;1995-11-12;60156;36;1671;-1;160,291666666667;"Jindrichuv Hradec";"south Bohemia";93931;74;21;10;1;8;"56.9";8427;"1.12";"1.54";107;1874;1913;NA;NA;NA;NA
"219";8076;16;6688;8076;"OWNER";"1";48;6354;1996-10-23;22968;36;638;1;110,863095238095;"Jindrichuv Hradec";"south Bohemia";93931;74;21;10;1;8;"56.9";8427;"1.12";"1.54";107;1874;1913;NA;NA;NA;NA
"220";8091;5;6701;8091;"OWNER";"0";28;6356;1993-12-08;95400;36;2650;1;260,863095238095;"Kolin";"central Bohemia";95616;65;30;4;1;6;"51.4";9307;"3.85";"4.43";118;2616;3040;NA;NA;NA;NA
"221";8105;72;6715;8105;"OWNER";"0";36;6358;1995-01-14;137880;60;2298;-1;203,434523809524;"Olomouc";"north Moravia";226122;32;50;7;4;4;"62.6";8994;"3.80";"4.79";110;9672;9208;NA;NA;NA;NA
"222";8130;62;6738;8130;"OWNER";"1";23;6362;1995-10-31;37908;12;3159;1;162,005952380952;"Uherske Hradiste";"south Moravia";145688;22;41;13;2;5;"40.7";8544;"1.29";"1.86";109;2719;2906;NA;NA;NA;NA
"223";8359;74;6924;8359;"OWNER";"0";19;6403;1995-12-05;194880;48;4060;1;157,005952380952;"Ostrava - mesto";"north Moravia";323870;0;0;0;1;1;"100.0";10673;"4.75";"5.44";100;18782;18347;NA;NA;NA;NA
"224";8366;41;6930;8366;"OWNER";"1";38;6407;1994-05-26;25944;24;1081;1;236,72619047619;"Usti nad Labem";"north Bohemia";118650;8;8;5;1;3;"85.6";9832;"3.32";"4.48";114;6445;5471;NA;NA;NA;NA
"225";8432;38;6985;8432;"OWNER";"1";31;6421;1996-07-25;96768;36;2688;1;123,720238095238;"Louny";"north Bohemia";85852;41;23;4;2;4;"59.8";8965;"7.08";"8.23";104;2653;2822;NA;NA;NA;NA
"226";8433;38;6985;8433;"DISPONENT";"0";37;6421;1996-07-25;96768;36;2688;1;123,720238095238;"Louny";"north Bohemia";85852;41;23;4;2;4;"59.8";8965;"7.08";"8.23";104;2653;2822;NA;NA;NA;NA
"227";8598;46;7123;8598;"OWNER";"1";41;6456;1993-12-09;47016;12;3918;1;260,720238095238;"Nachod";"east Bohemia";112709;48;20;7;3;10;"73.5";8369;"1.79";"2.31";117;2854;2618;NA;NA;NA;NA
"228";8610;55;7133;8610;"OWNER";"1";51;6460;1994-11-06;48672;36;1352;1;213,291666666667;"Brno - venkov";"south Moravia";157042;49;70;18;0;9;"33.9";8743;"1.88";"2.43";111;3659;3894;NA;NA;NA;NA
"229";8611;55;7133;8611;"DISPONENT";"0";50;6460;1994-11-06;48672;36;1352;1;213,291666666667;"Brno - venkov";"south Moravia";157042;49;70;18;0;9;"33.9";8743;"1.88";"2.43";111;3659;3894;NA;NA;NA;NA
"230";8615;12;7136;8615;"OWNER";"1";60;6461;1996-09-19;74124;36;2059;1;115,720238095238;"Pribram";"central Bohemia";107870;84;29;6;1;6;"58.0";8754;"3.83";"4.31";137;3804;3868;NA;NA;NA;NA
"231";8670;5;7184;8670;"OWNER";"1";56;6471;1996-08-04;155640;24;6485;1;122,291666666667;"Kolin";"central Bohemia";95616;65;30;4;1;6;"51.4";9307;"3.85";"4.43";118;2616;3040;NA;NA;NA;NA
"232";8677;49;7190;8677;"OWNER";"0";43;6474;1995-06-06;63360;60;1056;1;183,011904761905;"Semily";"east Bohemia";75685;31;28;5;1;9;"60.8";8208;"1.89";"2.26";155;1660;2123;NA;NA;NA;NA
"233";8678;49;7190;8678;"DISPONENT";"1";36;6474;1995-06-06;63360;60;1056;1;183,011904761905;"Semily";"east Bohemia";75685;31;28;5;1;9;"60.8";8208;"1.89";"2.26";155;1660;2123;NA;NA;NA;NA
"234";8865;1;7401;9173;"OWNER";"0";54;6499;1994-01-05;80952;24;3373;1;256,863095238095;"Hl.m. Praha";"Prague";1204953;0;0;0;1;1;"100.0";12541;"0.29";"0.43";167;85677;99107;NA;NA;NA;NA
"235";8866;1;7401;9174;"DISPONENT";"1";58;6499;1994-01-05;80952;24;3373;1;256,863095238095;"Hl.m. Praha";"Prague";1204953;0;0;0;1;1;"100.0";12541;"0.29";"0.43";167;85677;99107;NA;NA;NA;NA
"236";8888;21;7418;9196;"OWNER";"1";60;6501;1996-04-29;30276;12;2523;-1;136,14880952381;"Tabor";"south Bohemia";103347;87;16;7;1;7;"67.0";9104;"1.51";"2.07";123;2299;2354;NA;NA;NA;NA
"237";8918;64;7445;9226;"OWNER";"1";59;6509;1994-03-15;55368;24;2307;1;247,005952380952;"Zlin";"south Moravia";197099;29;41;10;2;10;"74.7";9624;"1.60";"2.31";145;4484;4265;NA;NA;NA;NA
"238";8928;31;7454;9236;"OWNER";"1";43;6512;1994-05-26;63312;48;1319;1;236,72619047619;"Tachov";"west Bohemia";51313;34;12;3;1;4;"59.2";8930;"3.52";"4.20";108;1328;1452;NA;NA;NA;NA
"239";8965;39;7485;9273;"OWNER";"1";43;6520;1994-03-16;91200;24;3800;1;246,863095238095;"Most";"north Bohemia";119895;17;4;3;2;4;"89.9";10446;"7.34";"9.40";90;4947;4743;NA;NA;NA;NA
"240";8966;39;7485;9274;"DISPONENT";"0";41;6520;1994-03-16;91200;24;3800;1;246,863095238095;"Most";"north Bohemia";119895;17;4;3;2;4;"89.9";10446;"7.34";"9.40";90;4947;4743;NA;NA;NA;NA
"241";9008;63;7523;9316;"OWNER";"1";40;6526;1995-01-03;288468;36;8013;1;205,005952380952;"Vyskov";"south Moravia";86513;38;36;5;1;5;"50.5";8288;"3.79";"4.52";110;1562;1460;NA;NA;NA;NA
"242";9038;43;7546;9346;"OWNER";"0";26;6535;1995-11-02;41952;12;3496;1;161,720238095238;"Hradec Kralove";"east Bohemia";161854;73;21;6;1;6;"76.3";9425;"1.72";"2.50";125;4085;3891;NA;NA;NA;NA
"243";9058;72;7562;9366;"OWNER";"0";23;6540;1995-12-31;309600;48;6450;1;153,291666666667;"Olomouc";"north Moravia";226122;32;50;7;4;4;"62.6";8994;"3.80";"4.79";110;9672;9208;NA;NA;NA;NA
"244";9109;21;7606;9417;"OWNER";"0";50;6545;1995-12-12;191880;60;3198;1;156,005952380952;"Tabor";"south Bohemia";103347;87;16;7;1;7;"67.0";9104;"1.51";"2.07";123;2299;2354;NA;NA;NA;NA
"245";9110;1;7607;9418;"OWNER";"0";49;6546;1995-03-27;31728;24;1322;1;193,154761904762;"Hl.m. Praha";"Prague";1204953;0;0;0;1;1;"100.0";12541;"0.29";"0.43";167;85677;99107;NA;NA;NA;NA
"246";9111;1;7607;9419;"DISPONENT";"1";48;6546;1995-03-27;31728;24;1322;1;193,154761904762;"Hl.m. Praha";"Prague";1204953;0;0;0;1;1;"100.0";12541;"0.29";"0.43";167;85677;99107;NA;NA;NA;NA
"247";9119;62;7614;9427;"OWNER";"1";28;6550;1996-05-18;320592;48;6679;1;133,434523809524;"Uherske Hradiste";"south Moravia";145688;22;41;13;2;5;"40.7";8544;"1.29";"1.86";109;2719;2906;989;"classic";1996-02-21;145,863095238095
"248";9120;62;7614;9428;"DISPONENT";"0";34;6550;1996-05-18;320592;48;6679;1;133,434523809524;"Uherske Hradiste";"south Moravia";145688;22;41;13;2;5;"40.7";8544;"1.29";"1.86";109;2719;2906;NA;NA;NA;NA
"249";9285;74;7753;9593;"OWNER";"1";31;6577;1994-03-11;51696;24;2154;1;247,577380952381;"Ostrava - mesto";"north Moravia";323870;0;0;0;1;1;"100.0";10673;"4.75";"5.44";100;18782;18347;1005;"classic";1993-11-07;265,291666666667
"250";9298;52;7765;9606;"OWNER";"0";50;6578;1995-12-11;27984;12;2332;1;156,14880952381;"Usti nad Orlici";"east Bohemia";139012;59;41;8;3;10;"61.9";8363;"2.52";"3.49";108;2564;2799;NA;NA;NA;NA
"251";9303;23;7769;9611;"OWNER";"0";40;6580;1994-05-22;196080;48;4085;1;237,297619047619;"Cheb";"west Bohemia";87419;21;11;4;3;9;"85.5";8624;"1.79";"2.66";102;2879;3198;NA;NA;NA;NA
"252";9333;64;7795;9641;"OWNER";"0";54;6585;1996-10-29;372120;60;6202;1;110;"Zlin";"south Moravia";197099;29;41;10;2;10;"74.7";9624;"1.60";"2.31";145;4484;4265;NA;NA;NA;NA
"253";9334;64;7795;9642;"DISPONENT";"1";61;6585;1996-10-29;372120;60;6202;1;110;"Zlin";"south Moravia";197099;29;41;10;2;10;"74.7";9624;"1.60";"2.31";145;4484;4265;NA;NA;NA;NA
"254";9355;19;7815;9663;"OWNER";"0";53;6589;1996-01-01;189696;24;7904;1;153,14880952381;"Prachatice";"south Bohemia";51428;50;11;3;1;4;"52.7";8402;"3.13";"3.98";120;999;1099;NA;NA;NA;NA
"255";9356;19;7815;9664;"DISPONENT";"1";54;6589;1996-01-01;189696;24;7904;1;153,14880952381;"Prachatice";"south Bohemia";51428;50;11;3;1;4;"52.7";8402;"3.13";"3.98";120;999;1099;NA;NA;NA;NA
"256";9362;38;7819;9670;"OWNER";"0";51;6591;1995-02-02;20832;48;434;1;200,720238095238;"Louny";"north Bohemia";85852;41;23;4;2;4;"59.8";8965;"7.08";"8.23";104;2653;2822;NA;NA;NA;NA
"257";9367;60;7824;9675;"OWNER";"1";29;6594;1994-09-28;189696;24;7904;-1;218,863095238095;"Prostejov";"south Moravia";110643;49;41;4;1;4;"51.9";8441;"3.45";"4.48";115;1879;2252;NA;NA;NA;NA
"258";9394;33;7844;9702;"OWNER";"1";47;6596;1994-06-25;91584;24;3816;1;232,440476190476;"Decin";"north Bohemia";133777;24;17;7;3;11;"84.7";8705;"5.75";"7.61";116;4650;4859;NA;NA;NA;NA
"259";9407;35;7857;9715;"OWNER";"1";21;6598;1995-01-18;68112;12;5676;1;202,863095238095;"Jablonec n. Nisou";"north Bohemia";88768;10;18;5;1;7;"80.5";8867;"1.02";"1.21";130;3384;3620;NA;NA;NA;NA
"260";9409;52;7859;9717;"OWNER";"1";46;6599;1996-11-19;72120;12;6010;1;107;"Usti nad Orlici";"east Bohemia";139012;59;41;8;3;10;"61.9";8363;"2.52";"3.49";108;2564;2799;NA;NA;NA;NA
"261";9410;52;7859;9718;"DISPONENT";"0";40;6599;1996-11-19;72120;12;6010;1;107;"Usti nad Orlici";"east Bohemia";139012;59;41;8;3;10;"61.9";8363;"2.52";"3.49";108;2564;2799;NA;NA;NA;NA
"262";9413;34;7861;9721;"OWNER";"0";44;6600;1995-10-08;21852;36;607;1;165,291666666667;"Chomutov";"north Bohemia";125236;28;11;1;4;5;"87.7";9675;"6.43";"7.68";100;5323;5190;NA;NA;NA;NA
"263";9490;69;7926;9798;"OWNER";"1";49;6613;1996-09-22;84120;24;3505;1;115,291666666667;"Jesenik";"north Moravia";42821;4;13;5;1;3;"48.4";8173;NA;"7.01";124;NA;1358;NA;NA;NA;NA
"264";9536;55;7965;9844;"OWNER";"0";53;6624;1994-09-30;71460;12;5955;1;218,577380952381;"Brno - venkov";"south Moravia";157042;49;70;18;0;9;"33.9";8743;"1.88";"2.43";111;3659;3894;NA;NA;NA;NA
"265";9537;55;7965;9845;"DISPONENT";"1";55;6624;1994-09-30;71460;12;5955;1;218,577380952381;"Brno - venkov";"south Moravia";157042;49;70;18;0;9;"33.9";8743;"1.88";"2.43";111;3659;3894;NA;NA;NA;NA
"266";9607;27;8027;9915;"OWNER";"0";31;6642;1994-06-05;77640;12;6470;1;235,297619047619;"Plzen - jih";"west Bohemia";67298;71;19;10;0;7;"43.8";8561;"0.65";"1.29";110;1029;1127;NA;NA;NA;NA
"267";9622;9;8039;9930;"OWNER";"0";26;6644;1996-10-20;93600;24;3900;1;111,291666666667;"Nymburk";"central Bohemia";81344;61;23;4;2;6;"55.3";8899;"3.39";"3.97";149;2987;2487;NA;NA;NA;NA
"268";9625;74;8041;9933;"OWNER";"0";57;6645;1994-11-06;140400;36;3900;1;213,291666666667;"Ostrava - mesto";"north Moravia";323870;0;0;0;1;1;"100.0";10673;"4.75";"5.44";100;18782;18347;NA;NA;NA;NA
"269";9637;31;8051;9945;"OWNER";"1";31;6647;1994-06-01;208320;48;4340;1;235,869047619048;"Tachov";"west Bohemia";51313;34;12;3;1;4;"59.2";8930;"3.52";"4.20";108;1328;1452;NA;NA;NA;NA
"270";9638;31;8051;9946;"DISPONENT";"0";39;6647;1994-06-01;208320;48;4340;1;235,869047619048;"Tachov";"west Bohemia";51313;34;12;3;1;4;"59.2";8930;"3.52";"4.20";108;1328;1452;NA;NA;NA;NA
"271";9665;24;8073;9973;"OWNER";"1";53;6650;1994-02-17;49320;12;4110;-1;250,720238095238;"Karlovy Vary";"west Bohemia";122603;25;21;6;2;8;"80.0";8991;"1.39";"2.01";128;5198;5273;NA;NA;NA;NA
"272";9687;54;8092;9995;"OWNER";"0";40;6659;1996-02-20;56100;60;935;1;146,005952380952;"Brno - mesto";"south Moravia";387570;0;0;0;1;1;"100.0";9897;"1.60";"1.96";140;18721;18696;NA;NA;NA;NA
"273";9732;37;8127;10040;"OWNER";"1";30;6667;1996-07-15;155880;24;6495;1;125,14880952381;"Litomerice";"north Bohemia";114006;71;26;6;2;9;"62.3";9065;"4.46";"5.39";123;4147;4166;NA;NA;NA;NA
"274";9733;37;8127;10041;"DISPONENT";"0";31;6667;1996-07-15;155880;24;6495;1;125,14880952381;"Litomerice";"north Bohemia";114006;71;26;6;2;9;"62.3";9065;"4.46";"5.39";123;4147;4166;NA;NA;NA;NA
"275";9735;45;8129;10043;"OWNER";"0";33;6668;1994-07-30;74736;36;2076;1;227,440476190476;"Jicin";"east Bohemia";77917;85;19;6;1;5;"53.5";8390;"2.28";"2.89";132;2080;2122;NA;NA;NA;NA
"276";9768;26;8159;10076;"OWNER";"1";29;6676;1995-06-13;29784;24;1241;1;182,011904761905;"Plzen - mesto";"west Bohemia";170449;0;0;0;1;1;"100.0";10787;"2.64";"3.09";131;6041;6261;NA;NA;NA;NA
"277";9769;26;8159;10077;"DISPONENT";"0";25;6676;1995-06-13;29784;24;1241;1;182,011904761905;"Plzen - mesto";"west Bohemia";170449;0;0;0;1;1;"100.0";10787;"2.64";"3.09";131;6041;6261;NA;NA;NA;NA
"278";9787;1;8173;10095;"OWNER";"1";23;6678;1994-05-20;80340;12;6695;1;237,583333333333;"Hl.m. Praha";"Prague";1204953;0;0;0;1;1;"100.0";12541;"0.29";"0.43";167;85677;99107;NA;NA;NA;NA
"279";9788;1;8173;10096;"DISPONENT";"0";21;6678;1994-05-20;80340;12;6695;1;237,583333333333;"Hl.m. Praha";"Prague";1204953;0;0;0;1;1;"100.0";12541;"0.29";"0.43";167;85677;99107;NA;NA;NA;NA
"280";9890;31;8260;10198;"OWNER";"0";23;6686;1994-08-25;224604;36;6239;1;223,72619047619;"Tachov";"west Bohemia";51313;34;12;3;1;4;"59.2";8930;"3.52";"4.20";108;1328;1452;NA;NA;NA;NA
"281";9891;31;8260;10199;"DISPONENT";"1";19;6686;1994-08-25;224604;36;6239;1;223,72619047619;"Tachov";"west Bohemia";51313;34;12;3;1;4;"59.2";8930;"3.52";"4.20";108;1328;1452;NA;NA;NA;NA
"282";9892;13;8261;10200;"OWNER";"1";19;6687;1993-09-13;87840;24;3660;1;273,154761904762;"Rakovnik";"central Bohemia";53921;61;22;1;1;2;"41.3";8598;"2.77";"3.26";123;1597;1875;NA;NA;NA;NA
"283";9893;13;8261;10201;"DISPONENT";"0";13;6687;1993-09-13;87840;24;3660;1;273,154761904762;"Rakovnik";"central Bohemia";53921;61;22;1;1;2;"41.3";8598;"2.77";"3.26";123;1597;1875;NA;NA;NA;NA
"284";9961;70;8316;10269;"OWNER";"1";58;6694;1995-03-19;134784;24;5616;1;194,291666666667;"Karvina";"north Moravia";285387;0;2;8;5;7;"89.9";10177;"6.63";"7.75";81;9878;10108;NA;NA;NA;NA
"285";9967;77;8321;10275;"OWNER";"1";29;6696;1994-05-09;89040;60;1484;1;239,154761904762;"Vsetin";"north Moravia";148545;8;35;12;3;4;"53.5";8909;"4.01";"5.56";113;3460;3590;NA;NA;NA;NA
"286";9968;77;8321;10276;"DISPONENT";"0";22;6696;1994-05-09;89040;60;1484;1;239,154761904762;"Vsetin";"north Moravia";148545;8;35;12;3;4;"53.5";8909;"4.01";"5.56";113;3460;3590;NA;NA;NA;NA
"287";9974;1;8327;10282;"OWNER";"0";19;6698;1996-03-10;247728;48;5161;1;143,291666666667;"Hl.m. Praha";"Prague";1204953;0;0;0;1;1;"100.0";12541;"0.29";"0.43";167;85677;99107;NA;NA;NA;NA
"288";9979;48;8330;10287;"OWNER";"1";36;6699;1994-03-30;7656;24;319;1;244,869047619048;"Rychnov nad Kneznou";"east Bohemia";78955;50;24;8;1;9;"59.0";9060;"1.78";"2.44";124;1655;1717;NA;NA;NA;NA
"289";9980;48;8330;10288;"DISPONENT";"0";39;6699;1994-03-30;7656;24;319;1;244,869047619048;"Rychnov nad Kneznou";"east Bohemia";78955;50;24;8;1;9;"59.0";9060;"1.78";"2.44";124;1655;1717;NA;NA;NA;NA
"290";10042;29;8377;10350;"OWNER";"1";37;6704;1995-06-01;417060;60;6951;1;183,72619047619;"Rokycany";"west Bohemia";45714;52;10;5;1;6;"55.6";8843;"2.82";"3.60";113;818;888;NA;NA;NA;NA
"291";10043;29;8377;10351;"DISPONENT";"0";40;6704;1995-06-01;417060;60;6951;1;183,72619047619;"Rokycany";"west Bohemia";45714;52;10;5;1;6;"55.6";8843;"2.82";"3.60";113;818;888;NA;NA;NA;NA
"292";10074;20;8405;10382;"OWNER";"1";34;6712;1995-10-14;266220;60;4437;1;164,434523809524;"Strakonice";"south Bohemia";70646;94;14;3;1;4;"58.4";8547;"2.65";"3.64";120;1563;1542;NA;NA;NA;NA
"293";10081;20;8411;10389;"OWNER";"1";55;6715;1996-05-06;220620;60;3677;1;135,14880952381;"Strakonice";"south Bohemia";70646;94;14;3;1;4;"58.4";8547;"2.65";"3.64";120;1563;1542;NA;NA;NA;NA
"294";10151;17;8475;10459;"OWNER";"1";34;6721;1994-01-21;21072;24;878;1;254,577380952381;"Pelhrimov";"south Bohemia";74062;99;15;4;2;7;"61.4";8114;"2.38";"2.62";119;1003;1181;NA;NA;NA;NA
"295";10167;51;8489;10475;"OWNER";"1";50;6725;1995-06-23;265320;36;7370;1;180,583333333333;"Trutnov";"east Bohemia";121947;37;28;7;3;11;"70.5";8541;"2.51";"2.97";131;3496;3839;NA;NA;NA;NA
"296";10168;51;8489;10476;"DISPONENT";"0";48;6725;1995-06-23;265320;36;7370;1;180,583333333333;"Trutnov";"east Bohemia";121947;37;28;7;3;11;"70.5";8541;"2.51";"2.97";131;3496;3839;NA;NA;NA;NA
"297";10171;2;8492;10479;"OWNER";"1";43;6726;1995-09-03;85860;60;1431;1;170,297619047619;"Benesov";"central Bohemia";88884;80;26;6;2;5;"46.7";8507;"1.67";"1.85";132;2159;2674;NA;NA;NA;NA
"298";10202;23;8519;10510;"OWNER";"1";54;6729;1994-08-11;74688;12;6224;1;225,72619047619;"Cheb";"west Bohemia";87419;21;11;4;3;9;"85.5";8624;"1.79";"2.66";102;2879;3198;NA;NA;NA;NA
"299";10203;23;8519;10511;"DISPONENT";"0";49;6729;1994-08-11;74688;12;6224;1;225,72619047619;"Cheb";"west Bohemia";87419;21;11;4;3;9;"85.5";8624;"1.79";"2.66";102;2879;3198;NA;NA;NA;NA
"300";10220;47;8533;10528;"OWNER";"1";47;6732;1996-09-19;174048;48;3626;1;115,720238095238;"Pardubice";"east Bohemia";162580;83;26;5;1;6;"72.8";9538;"1.51";"1.81";111;6079;5410;NA;NA;NA;NA
"301";10235;14;8547;10543;"OWNER";"1";54;6734;1996-05-30;173016;36;4806;1;131,720238095238;"Ceske Budejovice";"south Bohemia";177686;69;27;10;1;9;"74.8";10045;"1.42";"1.71";135;6604;6295;NA;NA;NA;NA
"302";10247;1;8558;10555;"OWNER";"0";63;6736;1994-06-14;288360;60;4806;1;234,011904761905;"Hl.m. Praha";"Prague";1204953;0;0;0;1;1;"100.0";12541;"0.29";"0.43";167;85677;99107;NA;NA;NA;NA
"303";10255;68;8564;10563;"OWNER";"0";50;6737;1995-03-11;76680;24;3195;1;195,434523809524;"Frydek - Mistek";"north Moravia";228848;15;40;18;2;6;"57.2";9893;"4.09";"4.72";96;5623;5887;NA;NA;NA;NA
"304";10256;68;8564;10564;"DISPONENT";"1";45;6737;1995-03-11;76680;24;3195;1;195,434523809524;"Frydek - Mistek";"north Moravia";228848;15;40;18;2;6;"57.2";9893;"4.09";"4.72";96;5623;5887;NA;NA;NA;NA
"305";10258;74;8566;10566;"OWNER";"1";56;6738;1994-09-29;230220;36;6395;-1;218,720238095238;"Ostrava - mesto";"north Moravia";323870;0;0;0;1;1;"100.0";10673;"4.75";"5.44";100;18782;18347;NA;NA;NA;NA
"306";10328;64;8625;10636;"OWNER";"0";27;6745;1995-04-10;47304;24;1971;1;191,154761904762;"Zlin";"south Moravia";197099;29;41;10;2;10;"74.7";9624;"1.60";"2.31";145;4484;4265;NA;NA;NA;NA
"307";10394;17;8680;10702;"OWNER";"0";61;6751;1996-07-14;85716;36;2381;1;125,291666666667;"Pelhrimov";"south Bohemia";74062;99;15;4;2;7;"61.4";8114;"2.38";"2.62";119;1003;1181;NA;NA;NA;NA
"308";10395;17;8680;10703;"DISPONENT";"1";56;6751;1996-07-14;85716;36;2381;1;125,291666666667;"Pelhrimov";"south Bohemia";74062;99;15;4;2;7;"61.4";8114;"2.38";"2.62";119;1003;1181;NA;NA;NA;NA
"309";10510;64;8776;10818;"OWNER";"0";26;6764;1995-08-26;33984;48;708;1;171,440476190476;"Zlin";"south Moravia";197099;29;41;10;2;10;"74.7";9624;"1.60";"2.31";145;4484;4265;NA;NA;NA;NA
"310";10655;1;8899;10963;"OWNER";"0";54;6785;1995-12-25;125340;60;2089;1;154,14880952381;"Hl.m. Praha";"Prague";1204953;0;0;0;1;1;"100.0";12541;"0.29";"0.43";167;85677;99107;NA;NA;NA;NA
"311";10742;70;8972;11050;"OWNER";"1";42;6805;1996-12-21;45024;48;938;1;102,428571428571;"Karvina";"north Moravia";285387;0;2;8;5;7;"89.9";10177;"6.63";"7.75";81;9878;10108;NA;NA;NA;NA
"312";10755;64;8982;11063;"OWNER";"1";43;6808;1994-10-12;227880;36;6330;1;216,863095238095;"Zlin";"south Moravia";197099;29;41;10;2;10;"74.7";9624;"1.60";"2.31";145;4484;4265;NA;NA;NA;NA
"313";10756;64;8982;11064;"DISPONENT";"0";45;6808;1994-10-12;227880;36;6330;1;216,863095238095;"Zlin";"south Moravia";197099;29;41;10;2;10;"74.7";9624;"1.60";"2.31";145;4484;4265;NA;NA;NA;NA
"314";10785;40;9006;11093;"OWNER";"0";40;6810;1996-06-08;186384;48;3883;1;130,434523809524;"Teplice";"north Bohemia";128118;9;16;6;3;8;"85.3";9317;"6.49";"7.07";97;6949;6872;NA;NA;NA;NA
"315";10797;70;9017;11105;"OWNER";"1";42;6816;1996-03-26;100224;48;2088;-1;141,005952380952;"Karvina";"north Moravia";285387;0;2;8;5;7;"89.9";10177;"6.63";"7.75";81;9878;10108;NA;NA;NA;NA
"316";10806;1;9024;11114;"OWNER";"0";46;6817;1996-10-04;70656;48;1472;1;113,577380952381;"Hl.m. Praha";"Prague";1204953;0;0;0;1;1;"100.0";12541;"0.29";"0.43";167;85677;99107;NA;NA;NA;NA
"317";10813;72;9030;11121;"OWNER";"1";28;6818;1996-12-12;155616;48;3242;1;103,714285714286;"Olomouc";"north Moravia";226122;32;50;7;4;4;"62.6";8994;"3.80";"4.79";110;9672;9208;NA;NA;NA;NA
"318";10814;72;9030;11122;"DISPONENT";"0";19;6818;1996-12-12;155616;48;3242;1;103,714285714286;"Olomouc";"north Moravia";226122;32;50;7;4;4;"62.6";8994;"3.80";"4.79";110;9672;9208;NA;NA;NA;NA
"319";10818;1;9034;11126;"OWNER";"1";34;6820;1993-12-16;38148;12;3179;1;259,720238095238;"Hl.m. Praha";"Prague";1204953;0;0;0;1;1;"100.0";12541;"0.29";"0.43";167;85677;99107;NA;NA;NA;NA
"320";10887;58;9093;11195;"OWNER";"0";45;6836;1994-08-03;189300;60;3155;1;226,869047619048;"Jihlava";"south Moravia";109164;98;16;6;1;4;"63.6";8757;"3.38";"3.95";96;2212;2471;NA;NA;NA;NA
"321";10900;10;9104;11208;"OWNER";"1";42;6841;1994-08-07;172080;48;3585;1;226,297619047619;"Praha - vychod";"central Bohemia";92084;55;29;4;3;5;"46.7";10124;"0.56";"0.54";141;3810;4316;NA;NA;NA;NA
"322";11006;45;9188;11314;"OWNER";"0";62;6863;1993-07-28;127080;60;2118;1;279,869047619048;"Jicin";"east Bohemia";77917;85;19;6;1;5;"53.5";8390;"2.28";"2.89";132;2080;2122;NA;NA;NA;NA
"323";11019;72;9199;11327;"OWNER";"0";51;6865;1996-09-11;29448;12;2454;-1;116,863095238095;"Olomouc";"north Moravia";226122;32;50;7;4;4;"62.6";8994;"3.80";"4.79";110;9672;9208;NA;NA;NA;NA
"324";11064;11;9236;11372;"OWNER";"0";37;6876;1993-12-21;86616;12;7218;1;259,005952380952;"Praha - zapad";"central Bohemia";75637;35;36;9;0;7;"36.5";9622;"0.45";"0.59";154;3475;3529;NA;NA;NA;NA
"325";11101;32;9265;11409;"OWNER";"1";19;6888;1994-07-11;39576;12;3298;1;230,154761904762;"Ceska Lipa";"north Bohemia";105058;32;19;7;2;10;"81.0";9272;"2.80";"3.22";118;4340;4505;NA;NA;NA;NA
"326";11153;70;9307;11461;"OWNER";"0";24;6895;1994-09-19;41904;12;3492;1;220,154761904762;"Karvina";"north Moravia";285387;0;2;8;5;7;"89.9";10177;"6.63";"7.75";81;9878;10108;NA;NA;NA;NA
"327";11189;11;9337;11497;"OWNER";"1";39;6903;1994-06-04;52128;24;2172;1;235,440476190476;"Praha - zapad";"central Bohemia";75637;35;36;9;0;7;"36.5";9622;"0.45";"0.59";154;3475;3529;NA;NA;NA;NA
"328";11266;1;9403;11574;"OWNER";"1";55;6919;1994-08-05;120888;36;3358;1;226,583333333333;"Hl.m. Praha";"Prague";1204953;0;0;0;1;1;"100.0";12541;"0.29";"0.43";167;85677;99107;NA;NA;NA;NA
"329";11288;70;9422;11596;"OWNER";"1";58;6921;1996-10-29;86184;12;7182;1;110;"Karvina";"north Moravia";285387;0;2;8;5;7;"89.9";10177;"6.63";"7.75";81;9878;10108;NA;NA;NA;NA
"330";11354;76;9472;11662;"OWNER";"0";27;6929;1995-05-08;36396;12;3033;1;187,154761904762;"Sumperk";"north Moravia";127369;31;32;13;2;7;"51.2";8369;"4.73";"5.88";107;3736;2807;NA;NA;NA;NA
"331";11377;64;9493;11685;"OWNER";"1";33;6933;1995-09-09;188688;48;3931;1;169,440476190476;"Zlin";"south Moravia";197099;29;41;10;2;10;"74.7";9624;"1.60";"2.31";145;4484;4265;NA;NA;NA;NA
"332";11401;1;9510;11709;"OWNER";"0";37;6940;1996-11-22;228276;36;6341;1;106,571428571429;"Hl.m. Praha";"Prague";1204953;0;0;0;1;1;"100.0";12541;"0.29";"0.43";167;85677;99107;NA;NA;NA;NA
"333";11402;1;9510;11710;"DISPONENT";"1";31;6940;1996-11-22;228276;36;6341;1;106,571428571429;"Hl.m. Praha";"Prague";1204953;0;0;0;1;1;"100.0";12541;"0.29";"0.43";167;85677;99107;NA;NA;NA;NA
"334";11446;62;9548;11754;"OWNER";"0";32;6944;1996-11-15;46176;48;962;1;107,571428571429;"Uherske Hradiste";"south Moravia";145688;22;41;13;2;5;"40.7";8544;"1.29";"1.86";109;2719;2906;NA;NA;NA;NA
"335";11486;31;9583;11794;"OWNER";"1";28;6949;1995-12-12;104712;24;4363;1;156,005952380952;"Tachov";"west Bohemia";51313;34;12;3;1;4;"59.2";8930;"3.52";"4.20";108;1328;1452;NA;NA;NA;NA
"336";11487;31;9583;11795;"DISPONENT";"0";22;6949;1995-12-12;104712;24;4363;1;156,005952380952;"Tachov";"west Bohemia";51313;34;12;3;1;4;"59.2";8930;"3.52";"4.20";108;1328;1452;NA;NA;NA;NA
"337";11496;74;9591;11804;"OWNER";"0";54;6950;1995-04-11;104712;24;4363;1;191,011904761905;"Ostrava - mesto";"north Moravia";323870;0;0;0;1;1;"100.0";10673;"4.75";"5.44";100;18782;18347;NA;NA;NA;NA
"338";11543;65;9627;11851;"OWNER";"0";29;6955;1995-11-22;244368;48;5091;1;158,863095238095;"Znojmo";"south Moravia";114200;101;41;4;1;4;"43.7";8403;"5.74";"5.72";105;2157;2718;NA;NA;NA;NA
"339";11558;1;9640;11866;"OWNER";"0";61;6960;1995-01-11;76416;24;3184;1;203,863095238095;"Hl.m. Praha";"Prague";1204953;0;0;0;1;1;"100.0";12541;"0.29";"0.43";167;85677;99107;NA;NA;NA;NA
"340";11559;1;9640;11867;"DISPONENT";"1";64;6960;1995-01-11;76416;24;3184;1;203,863095238095;"Hl.m. Praha";"Prague";1204953;0;0;0;1;1;"100.0";12541;"0.29";"0.43";167;85677;99107;NA;NA;NA;NA
"341";11565;38;9645;11873;"OWNER";"1";35;6961;1996-06-06;176148;36;4893;1;130,720238095238;"Louny";"north Bohemia";85852;41;23;4;2;4;"59.8";8965;"7.08";"8.23";104;2653;2822;NA;NA;NA;NA
"342";11578;61;9656;11886;"OWNER";"1";57;6965;1995-06-13;139536;24;5814;1;182,011904761905;"Trebic";"south Moravia";117897;139;28;5;1;6;"53.8";8814;"4.76";"5.74";107;2112;2059;NA;NA;NA;NA
"343";11670;54;9731;11978;"OWNER";"0";27;6985;1995-11-22;113796;36;3161;1;158,863095238095;"Brno - mesto";"south Moravia";387570;0;0;0;1;1;"100.0";9897;"1.60";"1.96";140;18721;18696;NA;NA;NA;NA
"344";11671;54;9731;11979;"DISPONENT";"1";21;6985;1995-11-22;113796;36;3161;1;158,863095238095;"Brno - mesto";"south Moravia";387570;0;0;0;1;1;"100.0";9897;"1.60";"1.96";140;18721;18696;NA;NA;NA;NA
"345";11695;74;9750;12003;"OWNER";"0";22;6986;1995-02-11;151728;48;3161;-1;199,434523809524;"Ostrava - mesto";"north Moravia";323870;0;0;0;1;1;"100.0";10673;"4.75";"5.44";100;18782;18347;NA;NA;NA;NA
"346";11742;52;9790;12050;"OWNER";"0";55;6992;1996-07-27;133968;48;2791;1;123,434523809524;"Usti nad Orlici";"east Bohemia";139012;59;41;8;3;10;"61.9";8363;"2.52";"3.49";108;2564;2799;1134;"classic";1996-05-31;131,577380952381
"347";11743;52;9790;12051;"DISPONENT";"1";62;6992;1996-07-27;133968;48;2791;1;123,434523809524;"Usti nad Orlici";"east Bohemia";139012;59;41;8;3;10;"61.9";8363;"2.52";"3.49";108;2564;2799;NA;NA;NA;NA
"348";11771;64;9814;12079;"OWNER";"1";26;6995;1996-09-26;96168;12;8014;1;114,720238095238;"Zlin";"south Moravia";197099;29;41;10;2;10;"74.7";9624;"1.60";"2.31";145;4484;4265;NA;NA;NA;NA
"349";11787;47;9828;12095;"OWNER";"0";60;6996;1995-04-13;126600;24;5275;1;190,72619047619;"Pardubice";"east Bohemia";162580;83;26;5;1;6;"72.8";9538;"1.51";"1.81";111;6079;5410;NA;NA;NA;NA
"350";11794;21;9833;12102;"OWNER";"1";30;6998;1994-05-21;97632;12;8136;1;237,440476190476;"Tabor";"south Bohemia";103347;87;16;7;1;7;"67.0";9104;"1.51";"2.07";123;2299;2354;NA;NA;NA;NA
"351";11836;2;9869;12144;"OWNER";"0";18;7004;1995-03-15;331560;60;5526;1;194,863095238095;"Benesov";"central Bohemia";88884;80;26;6;2;5;"46.7";8507;"1.67";"1.85";132;2159;2674;NA;NA;NA;NA
"352";11837;2;9869;12145;"DISPONENT";"1";16;7004;1995-03-15;331560;60;5526;1;194,863095238095;"Benesov";"central Bohemia";88884;80;26;6;2;5;"46.7";8507;"1.67";"1.85";132;2159;2674;NA;NA;NA;NA
"353";11873;1;9897;12181;"OWNER";"0";37;7008;1995-09-22;36168;12;3014;1;167,583333333333;"Hl.m. Praha";"Prague";1204953;0;0;0;1;1;"100.0";12541;"0.29";"0.43";167;85677;99107;NA;NA;NA;NA
"354";11912;60;9928;12220;"OWNER";"1";27;7013;1996-08-02;89340;60;1489;1;122,577380952381;"Prostejov";"south Moravia";110643;49;41;4;1;4;"51.9";8441;"3.45";"4.48";115;1879;2252;NA;NA;NA;NA
"355";11913;60;9928;12221;"DISPONENT";"0";28;7013;1996-08-02;89340;60;1489;1;122,577380952381;"Prostejov";"south Moravia";110643;49;41;4;1;4;"51.9";8441;"3.45";"4.48";115;1879;2252;NA;NA;NA;NA
"356";11995;24;10001;12303;"OWNER";"1";25;7034;1996-07-11;19044;36;529;1;125,720238095238;"Karlovy Vary";"west Bohemia";122603;25;21;6;2;8;"80.0";8991;"1.39";"2.01";128;5198;5273;NA;NA;NA;NA
"357";12017;8;10019;12325;"OWNER";"0";34;7036;1996-09-25;194940;36;5415;1;114,863095238095;"Mlada Boleslav";"central Bohemia";112065;95;19;7;1;8;"69.4";11277;"1.25";"1.44";127;5179;4987;NA;NA;NA;NA
"358";12088;62;10079;12396;"OWNER";"1";29;7055;1994-04-06;167100;60;2785;1;243,869047619048;"Uherske Hradiste";"south Moravia";145688;22;41;13;2;5;"40.7";8544;"1.29";"1.86";109;2719;2906;NA;NA;NA;NA
"359";12089;62;10079;12397;"DISPONENT";"0";25;7055;1994-04-06;167100;60;2785;1;243,869047619048;"Uherske Hradiste";"south Moravia";145688;22;41;13;2;5;"40.7";8544;"1.29";"1.86";109;2719;2906;NA;NA;NA;NA
"360";12108;1;10093;12416;"OWNER";"0";25;7057;1995-10-20;231696;36;6436;1;163,577380952381;"Hl.m. Praha";"Prague";1204953;0;0;0;1;1;"100.0";12541;"0.29";"0.43";167;85677;99107;NA;NA;NA;NA
"361";12109;1;10093;12417;"DISPONENT";"1";25;7057;1995-10-20;231696;36;6436;1;163,577380952381;"Hl.m. Praha";"Prague";1204953;0;0;0;1;1;"100.0";12541;"0.29";"0.43";167;85677;99107;NA;NA;NA;NA
"362";12124;55;10105;12432;"OWNER";"0";34;7061;1994-08-27;121896;24;5079;1;223,440476190476;"Brno - venkov";"south Moravia";157042;49;70;18;0;9;"33.9";8743;"1.88";"2.43";111;3659;3894;NA;NA;NA;NA
"363";12156;39;10131;12464;"OWNER";"0";39;7066;1994-05-02;215388;36;5983;-1;240,154761904762;"Most";"north Bohemia";119895;17;4;3;2;4;"89.9";10446;"7.34";"9.40";90;4947;4743;NA;NA;NA;NA
"364";12317;54;10266;12625;"OWNER";"0";40;7097;1993-12-23;75624;24;3151;-1;258,720238095238;"Brno - mesto";"south Moravia";387570;0;0;0;1;1;"100.0";9897;"1.60";"1.96";140;18721;18696;NA;NA;NA;NA
"365";12354;14;10297;12662;"OWNER";"0";45;7101;1996-11-18;421008;48;8771;1;107,142857142857;"Ceske Budejovice";"south Bohemia";177686;69;27;10;1;9;"74.8";10045;"1.42";"1.71";135;6604;6295;NA;NA;NA;NA
"366";12387;68;10320;12695;"OWNER";"0";20;7104;1993-12-13;259740;60;4329;1;260,14880952381;"Frydek - Mistek";"north Moravia";228848;15;40;18;2;6;"57.2";9893;"4.09";"4.72";96;5623;5887;NA;NA;NA;NA
"367";12446;55;10364;12754;"OWNER";"0";38;7121;1993-11-10;21924;36;609;1;264,863095238095;"Brno - venkov";"south Moravia";157042;49;70;18;0;9;"33.9";8743;"1.88";"2.43";111;3659;3894;NA;NA;NA;NA
"368";12447;55;10364;12755;"DISPONENT";"1";39;7121;1993-11-10;21924;36;609;1;264,863095238095;"Brno - venkov";"south Moravia";157042;49;70;18;0;9;"33.9";8743;"1.88";"2.43";111;3659;3894;NA;NA;NA;NA
"369";12502;39;10411;12810;"OWNER";"0";34;7130;1996-12-11;123408;24;5142;1;103,857142857143;"Most";"north Bohemia";119895;17;4;3;2;4;"89.9";10446;"7.34";"9.40";90;4947;4743;1176;"gold";1996-07-03;126,863095238095
"370";12532;60;10436;12840;"OWNER";"0";59;7136;1996-09-28;54396;36;1511;1;114,434523809524;"Prostejov";"south Moravia";110643;49;41;4;1;4;"51.9";8441;"3.45";"4.48";115;1879;2252;NA;NA;NA;NA
"371";12535;66;10439;12843;"OWNER";"0";46;7137;1994-06-03;151560;24;6315;1;235,583333333333;"Zdar nad Sazavou";"south Moravia";125832;151;41;2;3;5;"48.3";8512;"3.51";"4.12";102;2247;2103;NA;NA;NA;NA
"372";12536;45;10440;12844;"OWNER";"0";52;7138;1995-07-03;60000;60;1000;1;179,154761904762;"Jicin";"east Bohemia";77917;85;19;6;1;5;"53.5";8390;"2.28";"2.89";132;2080;2122;NA;NA;NA;NA
"373";12551;1;10451;12859;"OWNER";"1";23;7142;1994-12-19;482940;60;8049;-1;207,14880952381;"Hl.m. Praha";"Prague";1204953;0;0;0;1;1;"100.0";12541;"0.29";"0.43";167;85677;99107;NA;NA;NA;NA
"374";12635;55;10520;12943;"OWNER";"0";28;7154;1996-12-05;417600;60;6960;1;104,714285714286;"Brno - venkov";"south Moravia";157042;49;70;18;0;9;"33.9";8743;"1.88";"2.43";111;3659;3894;1187;"gold";1996-07-17;124,863095238095
"375";12763;41;10630;13071;"OWNER";"0";43;7166;1995-06-24;198240;24;8260;1;180,440476190476;"Usti nad Labem";"north Bohemia";118650;8;8;5;1;3;"85.6";9832;"3.32";"4.48";114;6445;5471;NA;NA;NA;NA
"376";12805;11;10663;13113;"OWNER";"0";22;7176;1995-10-28;260028;36;7223;1;162,434523809524;"Praha - zapad";"central Bohemia";75637;35;36;9;0;7;"36.5";9622;"0.45";"0.59";154;3475;3529;NA;NA;NA;NA
"377";12882;71;10728;13190;"OWNER";"0";42;7189;1996-03-21;154656;48;3222;1;141,720238095238;"Novy Jicin";"north Moravia";161227;5;35;11;4;10;"69.7";8678;"5.93";"5.57";102;4980;4595;NA;NA;NA;NA
"378";12893;31;10738;13201;"OWNER";"0";61;7192;1994-12-21;115992;36;3222;1;206,863095238095;"Tachov";"west Bohemia";51313;34;12;3;1;4;"59.2";8930;"3.52";"4.20";108;1328;1452;NA;NA;NA;NA
"379";12923;1;10762;13231;"OWNER";"0";39;7194;1996-09-17;68832;36;1912;1;116,005952380952;"Hl.m. Praha";"Prague";1204953;0;0;0;1;1;"100.0";12541;"0.29";"0.43";167;85677;99107;NA;NA;NA;NA
"380";12952;72;10788;13260;"OWNER";"1";22;7198;1994-08-23;45768;12;3814;1;224,011904761905;"Olomouc";"north Moravia";226122;32;50;7;4;4;"62.6";8994;"3.80";"4.79";110;9672;9208;NA;NA;NA;NA
"381";13072;65;10884;13380;"OWNER";"0";56;7213;1996-02-13;113544;36;3154;1;147,005952380952;"Znojmo";"south Moravia";114200;101;41;4;1;4;"43.7";8403;"5.74";"5.72";105;2157;2718;NA;NA;NA;NA
"382";13104;1;10911;13412;"OWNER";"0";45;7220;1994-07-28;131292;36;3647;1;227,72619047619;"Hl.m. Praha";"Prague";1204953;0;0;0;1;1;"100.0";12541;"0.29";"0.43";167;85677;99107;NA;NA;NA;NA
"383";13139;13;10940;13447;"OWNER";"1";29;7226;1994-02-23;197748;36;5493;1;249,863095238095;"Rakovnik";"central Bohemia";53921;61;22;1;1;2;"41.3";8598;"2.77";"3.26";123;1597;1875;NA;NA;NA;NA
"384";13140;13;10940;13448;"DISPONENT";"0";30;7226;1994-02-23;197748;36;5493;1;249,863095238095;"Rakovnik";"central Bohemia";53921;61;22;1;1;2;"41.3";8598;"2.77";"3.26";123;1597;1875;NA;NA;NA;NA
"385";13143;44;10942;13451;"OWNER";"1";43;7227;1995-10-02;314520;60;5242;1;166,14880952381;"Chrudim";"east Bohemia";105606;77;26;7;2;7;"53.0";8254;"2.79";"3.76";97;2166;2325;NA;NA;NA;NA
"386";13172;16;10963;13480;"OWNER";"0";45;7233;1996-12-25;115812;36;3217;1;101,857142857143;"Jindrichuv Hradec";"south Bohemia";93931;74;21;10;1;8;"56.9";8427;"1.12";"1.54";107;1874;1913;NA;NA;NA;NA
"387";13182;18;10973;13490;"OWNER";"1";29;7235;1993-10-13;154416;48;3217;1;268,863095238095;"Pisek";"south Bohemia";70699;60;13;2;1;4;"65.3";8968;"2.83";"3.35";131;1740;1910;NA;NA;NA;NA
"388";13231;63;11013;13539;"OWNER";"0";20;7240;1993-09-06;274740;60;4579;1;274,154761904762;"Vyskov";"south Moravia";86513;38;36;5;1;5;"50.5";8288;"3.79";"4.52";110;1562;1460;NA;NA;NA;NA
"389";13240;1;11021;13548;"OWNER";"0";23;7241;1995-03-04;168984;24;7041;-1;196,434523809524;"Hl.m. Praha";"Prague";1204953;0;0;0;1;1;"100.0";12541;"0.29";"0.43";167;85677;99107;NA;NA;NA;NA
"390";13268;72;11042;13576;"OWNER";"0";24;7243;1995-12-04;217152;36;6032;1;157,14880952381;"Olomouc";"north Moravia";226122;32;50;7;4;4;"62.6";8994;"3.80";"4.79";110;9672;9208;1225;"classic";1995-11-22;158,863095238095
"391";13282;59;11054;13590;"OWNER";"0";21;7246;1996-08-20;148920;60;2482;1;120,005952380952;"Kromeriz";"south Moravia";108871;41;29;7;2;6;"62.1";8444;"3.24";"3.47";106;2595;2305;NA;NA;NA;NA
"392";13295;46;11065;13603;"OWNER";"0";57;7249;1994-06-12;69360;48;1445;1;234,297619047619;"Nachod";"east Bohemia";112709;48;20;7;3;10;"73.5";8369;"1.79";"2.31";117;2854;2618;NA;NA;NA;NA
"393";13349;59;11111;13657;"OWNER";"1";36;7259;1994-01-31;108144;36;3004;1;253,14880952381;"Kromeriz";"south Moravia";108871;41;29;7;2;6;"62.1";8444;"3.24";"3.47";106;2595;2305;NA;NA;NA;NA
"394";13350;59;11111;13658;"DISPONENT";"0";42;7259;1994-01-31;108144;36;3004;1;253,14880952381;"Kromeriz";"south Moravia";108871;41;29;7;2;6;"62.1";8444;"3.24";"3.47";106;2595;2305;NA;NA;NA;NA
"395";13379;75;11135;13687;"OWNER";"0";39;7262;1994-03-01;182628;36;5073;1;249,005952380952;"Prerov";"north Moravia";138032;67;30;4;2;5;"64.6";8819;"5.38";"5.66";99;4063;4505;NA;NA;NA;NA
"396";13382;70;11138;13690;"OWNER";"0";36;7263;1996-01-19;89880;24;3745;1;150,577380952381;"Karvina";"north Moravia";285387;0;2;8;5;7;"89.9";10177;"6.63";"7.75";81;9878;10108;NA;NA;NA;NA
"397";13442;12;11186;13750;"OWNER";"1";18;7271;1996-10-02;392460;60;6541;1;113,863095238095;"Pribram";"central Bohemia";107870;84;29;6;1;6;"58.0";8754;"3.83";"4.31";137;3804;3868;NA;NA;NA;NA
"398";13443;12;11186;13751;"DISPONENT";"0";19;7271;1996-10-02;392460;60;6541;1;113,863095238095;"Pribram";"central Bohemia";107870;84;29;6;1;6;"58.0";8754;"3.83";"4.31";137;3804;3868;NA;NA;NA;NA
"399";13537;15;11265;13845;"OWNER";"0";26;7284;1993-09-15;52788;12;4399;1;272,869047619048;"Cesky Krumlov";"south Bohemia";58796;22;16;7;1;5;"51.9";9045;"3.13";"3.60";124;1845;1879;NA;NA;NA;NA
"400";13647;1;11349;13955;"OWNER";"1";53;7304;1995-10-29;419880;60;6998;1;162,291666666667;"Hl.m. Praha";"Prague";1204953;0;0;0;1;1;"100.0";12541;"0.29";"0.43";167;85677;99107;NA;NA;NA;NA
"401";13648;1;11349;13956;"DISPONENT";"0";56;7304;1995-10-29;419880;60;6998;1;162,291666666667;"Hl.m. Praha";"Prague";1204953;0;0;0;1;1;"100.0";12541;"0.29";"0.43";167;85677;99107;NA;NA;NA;NA
"402";13660;61;11359;13968;"OWNER";"0";31;7305;1996-08-06;54024;12;4502;1;122,005952380952;"Trebic";"south Moravia";117897;139;28;5;1;6;"53.8";8814;"4.76";"5.74";107;2112;2059;1247;"classic";1995-06-13;182,011904761905
"403";13663;67;11362;13971;"OWNER";"1";36;7308;1996-12-27;129408;24;5392;1;101,571428571429;"Bruntal";"north Moravia";106054;38;25;6;2;6;"63.1";8110;"5.77";"6.55";109;3244;3079;NA;NA;NA;NA
